phrase;category;intent;geo;ws_msk_base;wsk_msk_final;ws_ru_base;wsk_ru_exact_wk;pos_msk;url;source
купить диван;Диваны;коммерческий;;894761;31513;;28697;30;/catalog/myagkaya-mebel/divanyi;arsenkin_sem+keysso
спальня;Спальни;общий;;1003690;7542;;7567;24;/catalog/korpusnaya-mebel/mebel-dlya-spalni;arsenkin_sem+keysso
мебель белорусская мебель;Белорусская мебель;общий;;33765;6797;;6410;23;/catalog/korpusnaya-mebel/mebel-dlya-spalni;arsenkin_sem+keysso
белорусская мебель;Белорусская мебель;общий;;34936;4864;31741;4417;10;/;arsenkin_sem+expand+keysso
кресло кровать раскладное;Кресла-кровати;общий;;11531;2702;;2548;35;/catalog/myagkaya-mebel/kresla/f/type--kreslo-krovat;arsenkin_sem+keysso
мебельная фабрика;Фабрика/производитель;общий;;303019;2420;289085;2362;38;/;arsenkin_sem+expand+keysso
кожаный диван;Диваны кожаные;общий;;39353;2099;37931;2115;11;/catalog/myagkaya-mebel/divanyi/f/material--naturalnaya_kozha;arsenkin_sem+expand+keysso
диван тахта;Тахты и кушетки;общий;;13298;2009;12306;1973;18;/catalog/myagkaya-mebel/tahtyi;arsenkin_sem+expand+keysso
кресло мягкое;Кресла;общий;;51122;1333;;1253;24;/catalog/myagkaya-mebel/kresla;arsenkin_sem+keysso
кожаный диван купить;Диваны кожаные;коммерческий;;9113;1297;;1103;12;/catalog/myagkaya-mebel/divanyi/f/material--naturalnaya_kozha;arsenkin_sem+keysso
кровать с мягким изголовьем;Кровати;общий;;22410;1252;;1124;15;/catalog/korpusnaya-mebel/krovati/f/izgolove--smyagkoyobivkoy;arsenkin_sem+keysso
мебель из дерева;Мебель из массива;общий;;31416;1008;;960;23;/catalog;arsenkin_sem+keysso
диван модульный угловой;Диваны угловые;общий;;5571;989;;1007;15;/catalog/myagkaya-mebel/divanyi-uglovyie/f/sistema_komplektatsii--modulnaya;arsenkin_sem+keysso
кресло реклайнер купить;Кресла реклайнеры;коммерческий;;5037;924;4540;767;28;/catalog/myagkaya-mebel/kresla/f/type--kreslo-reklayner;arsenkin_sem+expand+keysso
divan;Диваны;общий;;36594;893;;923;27;/catalog/myagkaya-mebel/divanyi;arsenkin_sem+keysso
диван большой;Диваны;общий;;49469;872;;947;22;/catalog/myagkaya-mebel/divanyi/f/po_gabaritam--bolshie;arsenkin_sem+keysso
кожаное кресло;Диваны кожаные;общий;;17977;827;;849;25;/catalog/myagkaya-mebel/kresla/f/obivka--naturalnaya_koja;arsenkin_sem+keysso
кресло в гостиную;Кресла;общий;;12558;719;;708;30;/catalog/myagkaya-mebel/kresla/f/naznachenie--v_gostinuyu;arsenkin_sem+keysso
кресло мягкое для дома;Кресла;общий;;4008;677;;642;24;/catalog/myagkaya-mebel/kresla;arsenkin_sem+keysso
независимый пружинный блок;Матрасы;общий;;17532;648;;610;44;/blog/obzor-prujinnyih-blokov-dlya-matrasov;arsenkin_sem+keysso
тумба для обуви;Комоды и тумбы;общий;;9816;637;;647;34;/catalog/korpusnaya-mebel/tumbyi/f/type--tumba-dlya-obuvi;arsenkin_sem+keysso
кровать 1.5 спальная;Кровати;общий;;6336;635;;550;39;/catalog/korpusnaya-mebel/krovati/f/kolichestvo_spalnyih_mest--1_5_spalnoe;arsenkin_sem+keysso
тумба в прихожую;Прихожие;общий;;11057;624;;738;30;/catalog/korpusnaya-mebel/tumbyi/f/naznachenie--v_prihojuyu;arsenkin_sem+keysso
кресло мягкое купить;Кресла;коммерческий;;10706;612;;561;32;/catalog/myagkaya-mebel/kresla;arsenkin_sem+keysso
механизмы раскладывания диванов;Диваны;общий;;5300;603;;559;27;/mehanizmyi-transformatsii;arsenkin_sem+keysso
диван тик так;Диваны;общий;;8942;597;;646;13;/catalog/myagkaya-mebel/divanyi/f/transformation--tik_tak;arsenkin_sem+keysso
мебель из белоруссии;Белорусская мебель;общий;;4631;596;4341;563;8;/;arsenkin_sem+expand+keysso
кровать 1 5 спальная;Кровати;общий;;5958;596;;549;35;/catalog/korpusnaya-mebel/krovati/f/kolichestvo_spalnyih_mest--1_5_spalnoe;arsenkin_sem+keysso
комод под телевизор в гостиную;Гостиные и стенки;общий;;1472;595;;548;36;/catalog/korpusnaya-mebel/tumbyi/f/type--tumba-pod-televizor;arsenkin_sem+keysso
диван французская раскладушка;Диваны;общий;;4506;582;;534;25;/catalog/myagkaya-mebel/divanyi/f/transformation--francuzskaja_raskladushka;arsenkin_sem+keysso
белорусские диваны;Диваны;общий;;6189;579;5793;601;4;/catalog/myagkaya-mebel;arsenkin_sem+expand+keysso
кухн;Кухни;общий;;2560;527;;458;33;/catalog/kuhni;arsenkin_sem+keysso
раскладное кресло кровать купить;Кресла-кровати;коммерческий;;2187;508;;578;39;/catalog/myagkaya-mebel/kresla/f/type--kreslo-krovat;arsenkin_sem+keysso
деревянная мебель;Мебель из массива;общий;;34360;503;;529;20;/catalog;arsenkin_sem+keysso
диван выкатной вперед;Диваны;общий;;2679;502;;473;39;/catalog/myagkaya-mebel/divanyi-uglovyie/f/transformation--vperjodvykatnoj;arsenkin_sem+keysso
пружинный блок боннель;Матрасы;общий;;2222;491;;654;39;/blog/obzor-prujinnyih-blokov-dlya-matrasov;arsenkin_sem+keysso
кушетка диван купить;Тахты и кушетки;коммерческий;;5021;490;;454;32;/catalog/myagkaya-mebel/kushetki-mini-divanyi;arsenkin_sem+keysso
диван кожаный угловой;Диваны угловые;общий;;3540;479;;474;7;/catalog/myagkaya-mebel/divanyi-uglovyie/f/obivka--naturalnaya_koja;arsenkin_sem+keysso
механизм тик так для дивана;Диваны;общий;;1250;479;;453;35;/mehanizmyi-transformatsii;arsenkin_sem+keysso
кровать 1 5;Кровати;общий;;14852;472;;499;39;/catalog/korpusnaya-mebel/krovati/f/kolichestvo_spalnyih_mest--1_5_spalnoe;arsenkin_sem+keysso
кресло для дома;Кресла;общий;;38120;466;;502;42;/catalog/myagkaya-mebel/kresla;arsenkin_sem+keysso
мебель тиффани;Мебель общ.;общий;;4028;457;;441;25;/catalog/korpusnaya-mebel/mebel-dlya-gostinoy/gostinaya-tiffani;arsenkin_sem+keysso
кресло кровать аккордеон;Кресла-кровати;общий;;2456;454;2330;471;43;/catalog/myagkaya-mebel/kresla/f/transformation--akkordeon;arsenkin_sem+expand+keysso
тахта кровать односпальная;Тахты и кушетки;общий;;2480;453;;347;39;/catalog/myagkaya-mebel/tahtyi/f/kolichestvo_spalnyih_mest--1_spalnoe;arsenkin_sem+keysso
мебель беларусь;Белорусская мебель;общий;;14089;441;;337;2;/;arsenkin_sem+keysso
мебельная компания;Мебель общ.;общий;;25645;440;;412;24;/;arsenkin_sem+keysso
мебель диван купить;Диваны;коммерческий;;12095;405;;379;29;/catalog/myagkaya-mebel/divanyi;arsenkin_sem+keysso
угловой диван 3 3;Диваны угловые;общий;;2256;395;;548;35;/catalog/myagkaya-mebel/divanyi-uglovyie;arsenkin_sem+keysso
стол круглый деревянный;Столы и стулья;общий;;4744;389;;499;25;/catalog/korpusnaya-mebel/stolyi/f/forma--kruglaya;arsenkin_sem+keysso
современные диваны;Диваны;общий;;14331;389;;524;22;/catalog/myagkaya-mebel/divanyi/f/stil--sovremennyiy;arsenkin_sem+keysso
кухни белоруссии;Кухни;общий;;4029;386;;354;4;/catalog/kuhni/kuhni-pod-zakaz;arsenkin_sem+keysso
белорусская мебель в москве;Белорусская мебель;общий;да;1238;370;1103;291;4;/;arsenkin_sem+expand+keysso
гардеробная в спальне;Спальни;общий;;6863;365;;291;13;/blog/dizayn-spalni-s-garderobnoy;arsenkin_sem+keysso
мебель амадей;Мебель общ.;общий;;1073;364;;;12;/catalog/korpusnaya-mebel/mebel-dlya-gostinoy/gostinaya-amadey;arsenkin_sem+keysso
белорусская мебель официальный сайт;Белорусская мебель;коммерческий;;1626;357;1910;197;11;/catalog/korpusnaya-mebel/mebel-dlya-spalni;arsenkin_sem+expand+keysso
диван кушетка раскладной;Тахты и кушетки;общий;;1089;352;;;28;/catalog/myagkaya-mebel/kushetki-mini-divanyi;arsenkin_sem+keysso
тахта детская;Тахты и кушетки;общий;;2609;342;2592;334;36;/catalog/myagkaya-mebel/tahtyi/f/naznachenie--v_detskuyu;arsenkin_sem+expand+keysso
механизм для дивана книжка;Диваны;общий;;1473;332;;305;32;/mehanizmyi-transformatsii;arsenkin_sem+keysso
диван угловой на ножках;Диваны угловые;общий;;1804;330;;360;23;/catalog/myagkaya-mebel/divanyi-uglovyie/f/material_nojek--metall;arsenkin_sem+keysso
мебель для спальни в современном стиле;Спальни;общий;;882;329;;;20;/catalog/korpusnaya-mebel/mebel-dlya-spalni/f/stil--sovremennyiy;arsenkin_sem+keysso
тахта диван купить;Тахты и кушетки;коммерческий;;2437;326;;388;22;/catalog/myagkaya-mebel/tahtyi;arsenkin_sem+keysso
купить мягкую мебель;Мягкая мебель общ.;коммерческий;;19715;316;;308;31;/catalog/myagkaya-mebel/divanyi;arsenkin_sem+keysso
диван односпальный;Диваны;общий;;4876;315;;283;32;/catalog/myagkaya-mebel/divanyi/f/kolichestvo_spalnyih_mest--1_spalnoe;arsenkin_sem+keysso
диван кровать книжка;Диваны;общий;;2459;307;;269;34;/catalog/myagkaya-mebel/divanyi/f/transformation--knizhka;arsenkin_sem+keysso
мебель диваны;Диваны;общий;;129652;307;;270;27;/catalog/myagkaya-mebel/divanyi;arsenkin_sem+keysso
диван раскладывающийся вперед;Диваны;общий;;4472;305;;242;36;/catalog/myagkaya-mebel/divanyi/f/transformation--vperjod_raskladnoj;arsenkin_sem+keysso
мебель каретниковой официальный сайт;Мебель общ.;коммерческий;;395;303;;;32;/;arsenkin_sem+keysso
диван бруклин;Диваны;общий;;2070;298;;275;26;/catalog/myagkaya-mebel/divanyi/3-h-mestnyiy-divan-bruklin-2-3m;arsenkin_sem+keysso
портомебель официальный сайт;Мебель общ.;коммерческий;;354;297;;;40;/;arsenkin_sem+keysso
комод для обуви;Комоды и тумбы;общий;;1600;291;;258;22;/catalog/korpusnaya-mebel/tumbyi/f/type--tumba-dlya-obuvi;arsenkin_sem+keysso
ваш день мебельная фабрика официальный сайт;Фабрика/производитель;коммерческий;;319;285;232;;38;/;arsenkin_sem+expand+keysso
кровать 1.5;Кровати;общий;;11067;276;;228;37;/catalog/korpusnaya-mebel/krovati/f/kolichestvo_spalnyih_mest--1_5_spalnoe;arsenkin_sem+keysso
спальня в скандинавском стиле;Спальни;общий;;1237;275;;190;20;/blog/dizayn-spalni-v-skandinavskom-stile;arsenkin_sem+keysso
кухня из массива;Кухни;общий;;8100;273;7618;254;13;/catalog/kuhni/kuhni-pod-zakaz/f/material--massiv_duba;arsenkin_sem+expand+keysso
пружинный блок;Матрасы;общий;;36877;270;;375;43;/blog/obzor-prujinnyih-blokov-dlya-matrasov;arsenkin_sem+keysso
спальня в стиле лофт;Спальни;общий;;1191;267;;;18;/blog/dizayn-spalni-v-stile-loft;arsenkin_sem+keysso
каталог мебели;Мебель общ.;коммерческий;;669140;263;;229;40;/;arsenkin_sem+keysso
мебель из дуба;Мебель из массива;общий;;3746;262;3380;222;4;/catalog/korpusnaya-mebel/f/materializgotovleniya--massivduba;arsenkin_sem+expand+keysso
три бобра мебельная фабрика официальный сайт каталог и цены;Фабрика/производитель;коммерческий;;280;262;;;35;/;arsenkin_sem+keysso
кресла мягкие для гостиной;Кресла;общий;;1755;261;;241;32;/catalog/myagkaya-mebel/kresla;arsenkin_sem+keysso
кресло кровать купить в москве недорого распродажа;Кресла-кровати;коммерческий;да;;257;525;;;;expand
шкаф комбинированный;Шкафы;общий;;8561;256;;289;20;/catalog/korpusnaya-mebel/shkafyi/f/type--shkaf-kombinirovannyiy;arsenkin_sem+keysso
тахта двуспальная;Тахты и кушетки;общий;;2434;255;2401;234;33;/catalog/myagkaya-mebel/tahtyi/f/kolichestvo_spalnyih_mest--2_spalnoe;arsenkin_sem+expand+keysso
дана мебельная фабрика официальный сайт;Фабрика/производитель;коммерческий;;279;255;213;;25;/;arsenkin_sem+expand+keysso
готовые кухни купить в москве;Кухни;коммерческий;да;1139;253;;;34;/catalog/kuhni;arsenkin_sem+keysso
тахта кровать двуспальная;Тахты и кушетки;общий;;1025;250;;;29;/catalog/myagkaya-mebel/tahtyi/f/kolichestvo_spalnyih_mest--2_spalnoe;arsenkin_sem+keysso
белорусская мебельная фабрика;Белорусская мебель;общий;;1186;249;1141;;3;/;arsenkin_sem+expand+keysso
стул из дерева;Столы и стулья;общий;;15563;245;;176;29;/catalog/korpusnaya-mebel/stulya;arsenkin_sem+keysso
тумбочка в прихожую;Прихожие;общий;;3185;242;;188;31;/catalog/korpusnaya-mebel/tumbyi/f/naznachenie--v_prihojuyu;arsenkin_sem+keysso
гостиная флора;Гостиные и стенки;общий;;1362;235;;232;21;/catalog/korpusnaya-mebel/mebel-dlya-gostinoy/gostinaya-flora;arsenkin_sem+keysso
массив дуба;Мебель из массива;общий;;20451;232;;245;42;/catalog/korpusnaya-mebel/f/materializgotovleniya--massivduba;arsenkin_sem+keysso
стулья для кухни из кожи натуральной;Диваны кожаные;общий;;231;231;;;23;/catalog/korpusnaya-mebel/stulya/f/obivka--naturalnaya_koja;arsenkin_sem+keysso
обеденная группа стол и стулья для кухни купить;Кухни;коммерческий;;368;228;;;41;/catalog/korpusnaya-mebel/obedennyie-gruppyi;arsenkin_sem+keysso
спадардрэва кухни сайт официальный;Кухни;общий;;229;228;;;34;/;arsenkin_sem+keysso
мебель верди;Мебель общ.;общий;;1435;223;;224;3;/catalog/mebel-pod-zakaz/kollektsiya-verdi-klassik;arsenkin_sem+keysso
купить диван раскладной двухместный;Диваны;коммерческий;;1245;218;;177;29;/catalog/myagkaya-mebel/divanyi/f/type--2-h-mestnyiy-divan/po_nalichiyu_transformatsii--raskladnoy;arsenkin_sem+keysso
витринный шкаф;Шкафы;общий;;2216;217;;174;29;/catalog/korpusnaya-mebel/shkafyi/f/type--shkaf-s-vitrinoy;arsenkin_sem+keysso
мебель для спальни купить;Спальни;коммерческий;;2091;214;;175;33;/catalog/korpusnaya-mebel/mebel-dlya-spalni;arsenkin_sem+keysso
диван угловой мягкий;Диваны угловые;общий;;2602;214;;177;20;/catalog/myagkaya-mebel/divanyi-uglovyie;arsenkin_sem+keysso
диван в стиле прованс;Диваны;общий;;1152;213;;;12;/catalog/myagkaya-mebel/divanyi/f/stil--provans;arsenkin_sem+keysso
стол из дуба;Столы и стулья;общий;;5858;213;;328;20;/catalog/korpusnaya-mebel/stolyi/f/type--stol-obedennyiy/material--massiv_duba;arsenkin_sem+keysso
кровать из массива дуба;Кровати;общий;;1328;212;1187;207;24;/catalog/korpusnaya-mebel/krovati/f/massiv--dub;arsenkin_sem+expand+keysso
угловой диван трансформер;Диваны угловые;общий;;1154;211;1659;172;31;/catalog/myagkaya-mebel/divanyi-uglovyie/f/transformation--transformer;arsenkin_sem+expand+keysso
кресло клик кляк;Кресла;общий;;802;211;;;21;/catalog/myagkaya-mebel/kresla/f/transformation--klik_kljak;arsenkin_sem+keysso
мебель белорусская пятигорск;Белорусская мебель;общий;;492;210;;;16;/catalog/korpusnaya-mebel/mebel-dlya-gostinoy;arsenkin_sem+keysso
подставка под цветы напольная из дерева;Мебель из массива;общий;;434;210;;;24;/catalog/korpusnaya-mebel/dekorativnyie-elementyi/f/type--podstavka-dekorativnaya;arsenkin_sem+keysso
дольче мебель;Мебель общ.;общий;;1516;209;;195;10;/catalog/korpusnaya-mebel/mebel-dlya-spalni/spalnya-dolche--1;arsenkin_sem+keysso
угловой диван с оттоманкой;Диваны угловые;общий;;2043;206;2701;272;10;/catalog/myagkaya-mebel/divanyi-uglovyie/f/nalichie_ottomanki--est;arsenkin_sem+expand+keysso
спальня светлая;Спальни;общий;;12807;206;;46;37;/blog/dizayn-spalni-v-svetlyih-tonah;arsenkin_sem+keysso
диван рогожка;Диваны;общий;;10612;201;;205;35;/catalog/myagkaya-mebel/divanyi/f/obivka--rogojka;arsenkin_sem+keysso
диван из натуральной кожи;Диваны кожаные;общий;;1460;199;;181;4;/catalog/myagkaya-mebel/divanyi/f/material--naturalnaya_kozha;arsenkin_sem+keysso
шкаф для посуды на кухню;Кухни;общий;;2471;196;;271;28;/catalog/korpusnaya-mebel/shkafyi/f/naznachenie--dlya_posudyi;arsenkin_sem+keysso
купить кожаный диван в москве;Диваны кожаные;коммерческий;да;672;196;;;11;/catalog/myagkaya-mebel/divanyi/f/material--naturalnaya_kozha;arsenkin_sem+keysso
тахта кровать с ящиком для белья;Тахты и кушетки;общий;;453;192;566;;24;/catalog/myagkaya-mebel/tahtyi/f/s_yashhikom--est;arsenkin_sem+expand+keysso
кресло оскар;Кресла;общий;;1255;190;;158;12;/catalog/myagkaya-mebel/kresla/kreslo-oskar-12---spetspredlojenie;arsenkin_sem+keysso
диван лорд;Диваны;общий;;1382;188;;158;22;/catalog/myagkaya-mebel/divanyi/divan-lord-32;arsenkin_sem+keysso
белорусская мягкая мебель;Белорусская мебель;общий;;886;187;822;;1;/;arsenkin_sem+expand+keysso
бельевой шкаф;Шкафы;общий;;4178;187;;171;12;/catalog/korpusnaya-mebel/shkafyi/f/naznachenie--dlya_belya;arsenkin_sem+keysso
кухня в стиле неоклассика;Кухни;общий;;916;186;;;17;/catalog/kuhni/kuhni-pod-zakaz/f/stil--neoklassika;arsenkin_sem+keysso
кресло кровать купить с доставкой в москве;Кресла-кровати;коммерческий;да;;184;1202;;;;expand
кровать монако;Кровати;общий;;2876;184;;122;26;/catalog/korpusnaya-mebel/krovati/krovat-odinarnaya-monako-p528-11;arsenkin_sem+keysso
мебель из массива дерева от производителя;Мебель из массива;коммерческий;;369;183;364;;23;/catalog;arsenkin_sem+expand+keysso
диван мягкий купить;Диваны;коммерческий;;5218;183;;172;36;/catalog/myagkaya-mebel/divanyi;arsenkin_sem+keysso
диван пума;Диваны;общий;;2501;182;;173;21;/catalog/myagkaya-mebel/divanyi/f/transformation--puma;arsenkin_sem+keysso
механизм еврокнижка для дивана;Диваны;общий;;1262;182;;178;17;/blog/divan-evroknijka--plyusyi-i-minusyi;arsenkin_sem+keysso
кухни беларуси;Кухни;общий;;6135;180;;147;3;/catalog/kuhni/kuhni-pod-zakaz;arsenkin_sem+keysso
диван с оттоманкой купить;Диваны;коммерческий;;2020;180;;179;14;/catalog/myagkaya-mebel/divanyi/f/nalichie_ottomanki--est;arsenkin_sem+keysso
диван нераскладной;Диваны;общий;;3823;179;;189;27;/catalog/myagkaya-mebel/divanyi/f/po_nalichiyu_transformatsii--ne_raskladnoy;arsenkin_sem+keysso
кухня сканди;Кухни;общий;;1928;178;;173;13;/catalog/kuhni/kuhni-pod-zakaz/kuhni-skandi;arsenkin_sem+keysso
качественная мебель;Мебель общ.;общий;;5607;178;;205;18;/;arsenkin_sem+keysso
шкаф монако;Шкафы;общий;;2005;178;;142;21;/catalog/korpusnaya-mebel/shkafyi/shkaf-monako-p6-528-0-01-01;arsenkin_sem+keysso
диван мягкий раскладной;Диваны;общий;;1367;177;;139;28;/catalog/myagkaya-mebel/divanyi/f/po_nalichiyu_transformatsii--raskladnoy;arsenkin_sem+keysso
кухни милана;Кухни;общий;;1972;176;;169;9;/catalog/kuhni/kuhni-pod-zakaz/kuhni-milana;arsenkin_sem+keysso
стулья деревянные от производителя купить;Столы и стулья;коммерческий;;316;176;;;4;/catalog/korpusnaya-mebel/stulya;arsenkin_sem+keysso
диван прованс;Диваны;общий;;2050;175;;176;17;/catalog/myagkaya-mebel/divanyi/f/stil--provans;arsenkin_sem+keysso
мебель классика;Мебель общ.;общий;;5518;173;;164;25;/catalog/myagkaya-mebel/divanyi/f/stil--klassika;arsenkin_sem+keysso
мебель из белоруссии официальный сайт каталог цены;Белорусская мебель;коммерческий;;252;172;310;;1;/catalog;arsenkin_sem+expand+keysso
мебель купить онлайн;Мебель общ.;коммерческий;;625;172;;;30;/;arsenkin_sem+keysso
диван ричмонд;Диваны;общий;;1165;172;;;18;/catalog/myagkaya-mebel/divanyi/3-h-mestnyiy-divan-richmond-3m;arsenkin_sem+keysso
диван кровать раскладной вперед;Диваны;общий;;474;172;;;19;/catalog/myagkaya-mebel/divanyi-pryamyie/f/transformation--vperjod_raskladnoj;arsenkin_sem+keysso
купить мебель для кухни;Кухни;коммерческий;;4132;171;;143;19;/catalog/kuhni;arsenkin_sem+keysso
мебельная фабрика три бобра;Фабрика/производитель;общий;;;170;985;;;;expand
магазин мягкой мебели;Мягкая мебель общ.;коммерческий;;9730;170;;155;20;/catalog/myagkaya-mebel;arsenkin_sem+keysso
стулья из массива;Столы и стулья;общий;;5436;169;;158;17;/catalog/korpusnaya-mebel/stulya;arsenkin_sem+keysso
срп мебель официальный сайт;Мебель общ.;коммерческий;;259;168;;;34;/;arsenkin_sem+keysso
купить диван в москве от производителя;Диваны;коммерческий;да;5941;165;5459;152;36;/catalog/myagkaya-mebel/divanyi;arsenkin_sem+expand+keysso
диван пружинный;Диваны;общий;;32621;165;;158;15;/catalog/myagkaya-mebel/divanyi/f/napolnenie--nezavisimyi_prujinnyi_blok;arsenkin_sem+keysso
мебель дмитров;Мебель общ.;общий;;2908;164;;153;35;/;arsenkin_sem+keysso
кресло реклайнер купить в москве;Кресла реклайнеры;коммерческий;да;295;163;248;;26;/catalog/myagkaya-mebel/kresla/f/type--kreslo-reklayner;arsenkin_sem+expand+keysso
диван угловой левый угол;Диваны угловые;общий;;2175;163;;159;28;/catalog/myagkaya-mebel/divanyi-uglovyie/f/razmeschenie_ugla--levoe;arsenkin_sem+keysso
кухонный гарнитур чебоксары;Кухни;общий;да;1296;161;;162;32;/catalog/kuhni;arsenkin_sem+keysso
диван уголок;Диваны;общий;;5291;160;;113;26;/catalog/myagkaya-mebel/divanyi-uglovyie;arsenkin_sem+keysso
короче мебель;Мебель общ.;общий;;1357;159;;161;20;/;arsenkin_sem+keysso
комод обувница в прихожую;Прихожие;общий;;505;159;;;23;/catalog/korpusnaya-mebel/tumbyi/f/type--tumba-dlya-obuvi;arsenkin_sem+keysso
диван в спальню;Диваны;общий;;4407;158;;145;25;/catalog/myagkaya-mebel/divanyi/f/naznachenie--v_spalnyu;arsenkin_sem+keysso
шкаф тиффани;Шкафы;общий;;1763;158;;190;34;/catalog/korpusnaya-mebel/shkafyi/shkaf-dlya-odejdyi-4d-tiffani-2554-01-bm681;arsenkin_sem+keysso
диван раздвижной вперед;Диваны;общий;;563;156;;;22;/catalog/myagkaya-mebel/divanyi-pryamyie/f/transformation--vperjod_raskladnoj;arsenkin_sem+keysso
магазин белорусских товаров;Белорусская мебель;коммерческий;;4502;155;;131;41;/;arsenkin_sem+keysso
белмебель;Мебель общ.;общий;;1140;154;;;19;/catalog;arsenkin_sem+keysso
письменный стол из массива дерева купить;Столы и стулья;коммерческий;;351;154;;;43;/catalog/korpusnaya-mebel/stolyi/f/type--stol-pismennyiy;arsenkin_sem+keysso
диванчик в прихожую;Диваны;общий;;945;153;;;30;/catalog/myagkaya-mebel/divanyi/f/naznachenie--v_prihojuyu;arsenkin_sem+keysso
стулья из массива дерева;Столы и стулья;общий;;1777;153;;190;20;/catalog/korpusnaya-mebel/stulya;arsenkin_sem+keysso
спальня светлые тона;Спальни;общий;;5595;153;;3;21;/blog/dizayn-spalni-v-svetlyih-tonah;arsenkin_sem+keysso
мебель стол;Столы и стулья;общий;;77165;152;;149;18;/catalog/korpusnaya-mebel/stolyi;arsenkin_sem+keysso
мягкая мебель купить в москве;Мягкая мебель общ.;коммерческий;да;776;151;;;29;/catalog/myagkaya-mebel;arsenkin_sem+keysso
диван с выдвижной оттоманкой;Диваны;общий;;555;149;;;18;/catalog/myagkaya-mebel/divanyi/f/nalichie_ottomanki--est;arsenkin_sem+keysso
диван софт;Диваны;общий;;2337;147;;167;8;/catalog/myagkaya-mebel/divanyi/3-h-mestnyiy-divan-soft-3m;arsenkin_sem+keysso
белорусская мебель мягкая мебель;Белорусская мебель;общий;;886;147;;;12;/catalog;arsenkin_sem+keysso
раскладной механизм для дивана;Диваны;общий;;1373;147;;148;26;/mehanizmyi-transformatsii;arsenkin_sem+keysso
омега мебель;Мебель общ.;общий;;1578;146;;136;12;/catalog/myagkaya-mebel/naboryi-myagkoy-mebeli/nabor-mebeli-omega;arsenkin_sem+keysso
кресло в зал;Кресла;общий;;5191;146;;119;21;/catalog/myagkaya-mebel/kresla/f/naznachenie--v_gostinuyu;arsenkin_sem+keysso
кресло мягкое для дома с мягкими подлокотниками;Кресла;общий;;546;145;;;14;/catalog/myagkaya-mebel/kresla/f/podlokotniki--myagkie;arsenkin_sem+keysso
купить малогабаритный диван;Диваны;коммерческий;;2189;145;;111;40;/catalog/myagkaya-mebel/divanyi/f/po_gabaritam--malogabaritnyie;arsenkin_sem+keysso
диван без подушек;Диваны;общий;;2873;144;;122;28;/catalog/myagkaya-mebel/divanyi/f/podushki_v_komplekte--net;arsenkin_sem+keysso
диван угловой модульный раскладной;Диваны угловые;общий;;750;144;;;29;/catalog/myagkaya-mebel/divanyi-uglovyie/f/sistema_komplektatsii--modulnaya;arsenkin_sem+keysso
белорусская мебель belvedere;Белорусская мебель;общий;;306;143;226;;18;/;arsenkin_sem+expand+keysso
стол в кабинет;Столы и стулья;общий;;13067;143;;163;28;/catalog/korpusnaya-mebel/stolyi/f/naznachenie--v_kabinet;arsenkin_sem+keysso
мягкий уголок в гостиную;Гостиные и стенки;общий;;689;142;;;17;/catalog/myagkaya-mebel/divanyi-uglovyie/f/naznachenie--v_gostinuyu;arsenkin_sem+keysso
диван двухместный купить;Диваны;коммерческий;;2792;142;;104;26;/catalog/myagkaya-mebel/divanyi/f/type--2-h-mestnyiy-divan;arsenkin_sem+keysso
кресло кровать аккордеон купить;Кресла-кровати;коммерческий;;525;142;;;40;/catalog/myagkaya-mebel/kresla/f/transformation--akkordeon;arsenkin_sem+keysso
купить диван в обнинске;Диваны;коммерческий;;523;141;;;26;/catalog/myagkaya-mebel/divanyi;arsenkin_sem+keysso
кровать из дуба;Кровати;общий;;2706;141;;140;30;/catalog/korpusnaya-mebel/krovati/f/massiv--dub;arsenkin_sem+keysso
сивер мебель официальный сайт;Мебель общ.;коммерческий;;158;141;;;35;/catalog/korpusnaya-mebel/shkafyi/f/stil--modern;arsenkin_sem+keysso
мебель кантри;Мебель общ.;общий;;1557;140;;114;33;/catalog/korpusnaya-mebel/f/stil--kantri;arsenkin_sem+keysso
белорусская мебель официальный сайт каталог цены;Белорусская мебель;коммерческий;;;139;968;;;;expand
купить диван в старом осколе;Диваны;коммерческий;;652;139;;;39;/catalog/myagkaya-mebel/divanyi;arsenkin_sem+keysso
диван лотос;Диваны;общий;;1391;138;;122;16;/catalog/korpusnaya-mebel/krovati/krovat-divan-lotos-bm-2186;arsenkin_sem+keysso
белорусские кухни в москве официальный сайт;Кухни;коммерческий;да;214;137;;;3;/catalog/kuhni;arsenkin_sem+keysso
диван бруклин угловой;Диваны угловые;общий;;391;136;468;;19;/catalog/myagkaya-mebel/divanyi/uglovoy-divan-bruklin-2-2ml-r-8mr-l;arsenkin_sem+expand+keysso
мебель для гостиной классика;Гостиные и стенки;общий;;592;136;;;23;/catalog/korpusnaya-mebel/mebel-dlya-gostinoy/f/stil--klassika;arsenkin_sem+keysso
диван на дачу;Диваны;общий;;3661;135;;126;33;/catalog/myagkaya-mebel/divanyi/f/naznachenie--na_dachu;arsenkin_sem+keysso
диван премиум;Диваны;общий;;4284;133;;180;11;/catalog/myagkaya-mebel/divanyi-premium;arsenkin_sem+keysso
диван уно;Диваны;общий;;931;131;;;12;/catalog/myagkaya-mebel/divanyi/3-h-mestnyiy-divan-uno-3-3m;arsenkin_sem+keysso
гостиная монако;Гостиные и стенки;общий;;678;129;;;29;/catalog/korpusnaya-mebel/mebel-dlya-gostinoy/gostinaya-monako;arsenkin_sem+keysso
кухня из шпона;Кухни;общий;;1332;126;;123;25;/catalog/kuhni/kuhni-pod-zakaz/f/material--mdf_shpon;arsenkin_sem+keysso
ладья мебельная фабрика официальный сайт;Фабрика/производитель;коммерческий;;;125;509;;;;expand
шкаф верди;Шкафы;общий;;1787;125;;141;5;/catalog/mebel-pod-zakaz/kollektsiya-verdi-klassik;arsenkin_sem+keysso
кресло барселона;Кресла;общий;;446;125;;;25;/catalog/myagkaya-mebel/kresla/kreslo-barselona-2-12---spetspredlojenie;arsenkin_sem+keysso
стенка флора;Гостиные и стенки;общий;;813;125;;;38;/catalog/korpusnaya-mebel/mebel-dlya-gostinoy/gostinaya-flora;arsenkin_sem+keysso
тумба под тв мебель;Комоды и тумбы;общий;;848;125;;;35;/catalog/korpusnaya-mebel/tumbyi/f/type--tumba-pod-televizor;arsenkin_sem+keysso
диван модульный угловой купить;Диваны угловые;коммерческий;;776;124;720;;23;/catalog/myagkaya-mebel/divanyi-uglovyie/f/sistema_komplektatsii--modulnaya;arsenkin_sem+expand+keysso
диван манчестер угловой;Диваны угловые;общий;;302;124;333;;26;/catalog/myagkaya-mebel/divanyi/uglovoy-divan-manchester-1;arsenkin_sem+expand+keysso
диван по белорусски;Диваны;общий;;274;124;;;40;/;arsenkin_sem+keysso
набор мягкой мебели диван и 2 кресла купить;Кресла;коммерческий;;202;124;;;27;/catalog/myagkaya-mebel/naboryi-myagkoy-mebeli?page=2;arsenkin_sem+keysso
классическая мебель;Мебель общ.;общий;;4354;123;;122;27;/catalog/korpusnaya-mebel/mebel-dlya-kabineta/f/stil--klassika;arsenkin_sem+keysso
купить овальный стол;Столы и стулья;коммерческий;;5754;123;;115;32;/catalog/korpusnaya-mebel/stolyi/f/forma--ovalnaya;arsenkin_sem+keysso
купить диван из натуральной кожи;Диваны кожаные;коммерческий;;528;122;;;7;/catalog/myagkaya-mebel/divanyi/f/material--naturalnaya_kozha;arsenkin_sem+keysso
парма мебель;Мебель общ.;общий;;720;122;;;14;/catalog/korpusnaya-mebel/mebel-dlya-gostinoy/gostinaya-parma;arsenkin_sem+keysso
купить угловой диван недорого в москве;Диваны угловые;коммерческий;да;;120;1045;;;;expand
диван нью йорк угловой;Диваны угловые;общий;;371;120;432;;21;/catalog/myagkaya-mebel/divanyi/uglovoy-divan-nyu-york-3ml-r-6mr-l;arsenkin_sem+expand+keysso
угловой диван правый угол купить;Диваны угловые;коммерческий;;415;120;312;;36;/catalog/myagkaya-mebel/divanyi-uglovyie/f/razmeschenie_ugla--pravoe;arsenkin_sem+expand+keysso
шкаф соренто;Шкафы;общий;;1321;120;;152;1;/catalog/korpusnaya-mebel/shkafyi/shkaf-kupe-3d-sorrento-p6-949-1-01;arsenkin_sem+keysso
мебель для кухни москва;Кухни;общий;да;699;119;;;25;/catalog/kuhni;arsenkin_sem+keysso
диван марракеш;Диваны;общий;;638;119;;;18;/catalog/myagkaya-mebel/divanyi/uglovoy-divan-marrakesh-15l-r-8r-l;arsenkin_sem+keysso
белорусские матрасы;Матрасы;общий;;1008;118;;;5;/catalog/matrasyi;arsenkin_sem+keysso
цветы для спальни;Спальни;общий;;1400;117;;167;26;/blog/5-poleznyih-rasteniy-dlya-spalni;arsenkin_sem+keysso
диван с креслами комплект в гостиную;Кресла;общий;;325;116;;;8;/catalog/myagkaya-mebel/naboryi-myagkoy-mebeli;arsenkin_sem+keysso
кухня белорусская мебель;Кухни;общий;;544;116;;;14;/catalog;arsenkin_sem+keysso
кровать из массива сосны;Кровати;общий;;2110;115;2008;98;32;/catalog/korpusnaya-mebel/krovati/f/massiv--sosna;arsenkin_sem+expand+keysso
кресло кровать moon;Кресла-кровати;общий;;;115;1093;;;;expand
товары из белоруссии;Белорусская мебель;общий;;6218;115;;158;28;/;arsenkin_sem+keysso
белорусская мебель диваны;Диваны;общий;;1027;114;964;;1;/;arsenkin_sem+expand+keysso
купить диван в дмитрове;Диваны;коммерческий;;503;114;;;34;/catalog/myagkaya-mebel/divanyi;arsenkin_sem+keysso
зональный пружинный блок или независимые пружины что лучше;Матрасы;общий;;140;114;;;12;/blog/obzor-prujinnyih-blokov-dlya-matrasov;arsenkin_sem+keysso
тумба в коридор;Комоды и тумбы;общий;;1431;114;;157;28;/catalog/korpusnaya-mebel/tumbyi/f/naznachenie--v_prihojuyu;arsenkin_sem+keysso
ширина письменного стола;Столы и стулья;общий;;2725;114;;174;26;/blog/kak-vyibrat-pismennyiy-stol;arsenkin_sem+keysso
корпусный диван;Диваны;общий;;561;112;;;40;/catalog/myagkaya-mebel/divanyi;arsenkin_sem+keysso
комод валенсия;Комоды и тумбы;общий;;634;112;;;27;/catalog/korpusnaya-mebel/tumbyi/komod-valensiya-klassik-p3-0589-1-13;arsenkin_sem+keysso
диван манчестер;Диваны;общий;;1063;111;;;20;/catalog/myagkaya-mebel/divanyi/3-h-mestnyiy-divan-manchester-1;arsenkin_sem+keysso
диван рафаэль;Диваны;общий;;686;111;;;35;/catalog/myagkaya-mebel/divanyi/3-h-mestnyiy-divan-rafael-2;arsenkin_sem+keysso
спальня тиффани;Спальни;общий;;560;110;;;9;/catalog/korpusnaya-mebel/mebel-dlya-spalni/spalnya-tiffani;arsenkin_sem+keysso
тумба для телевизора напольная;Комоды и тумбы;общий;;394;109;;;37;/catalog/korpusnaya-mebel/tumbyi/f/type--tumba-pod-televizor;arsenkin_sem+keysso
диван угловой на ножках раскладной;Диваны угловые;общий;;194;109;;;33;/catalog/myagkaya-mebel/divanyi-uglovyie/f/material_nojek--metall;arsenkin_sem+keysso
диваны беларусь;Диваны;общий;;5267;109;;77;3;/catalog/myagkaya-mebel/divanyi;arsenkin_sem+keysso
давита мебель кухня неаполь;Кухни;общий;;249;109;;;35;/catalog/kuhni/kuhni-pod-zakaz/kuhni-neapol;arsenkin_sem+keysso
стол деревянный обеденный раздвижной;Столы и стулья;общий;;627;109;;;18;/catalog/korpusnaya-mebel/stolyi/f/type--stol-obedennyiy/mehanizm_razdvijeniya--est;arsenkin_sem+keysso
кресло кровать с ящиком для белья;Кресла-кровати;общий;;;108;945;;;;expand
кожаный диван купить в москве;Диваны кожаные;коммерческий;да;;108;625;;;;expand
мягкое кресло для отдыха;Кресла;общий;;1212;108;;;25;/catalog/myagkaya-mebel/kresla;arsenkin_sem+keysso
пит мебель;Мебель общ.;общий;;796;108;;;44;/;arsenkin_sem+keysso
кухни готовые фабричные недорого купить;Кухни;коммерческий;;161;108;;;36;/catalog/kuhni;arsenkin_sem+keysso
тумба бар;Комоды и тумбы;общий;;803;107;;;23;/catalog/korpusnaya-mebel/tumbyi/tumba-bar-paola-bm-2104;arsenkin_sem+keysso
диван тулон;Диваны;общий;;729;107;;;18;/catalog/myagkaya-mebel/divanyi/3-h-mestnyiy-divan-tulon-3m;arsenkin_sem+keysso
летта мебель официальный сайт;Мебель общ.;коммерческий;;166;106;;;42;/;arsenkin_sem+keysso
корпусная кухня;Кухни;общий;;2573;106;;72;19;/catalog/kuhni;arsenkin_sem+keysso
стул из дуба;Столы и стулья;общий;;1601;106;;60;36;/catalog/korpusnaya-mebel/stulya/f/materializgotovleniya--massivduba;arsenkin_sem+keysso
шкаф валенсия;Шкафы;общий;;1399;106;;101;32;/catalog/korpusnaya-mebel/shkafyi/shkaf-kombinirovannyiy-valensiya-klassik-p3-0589-0-01-01;arsenkin_sem+keysso
belvedere мебель официальный сайт;Мебель общ.;коммерческий;;151;106;;;15;/;arsenkin_sem+keysso
кмк мебель каталог с ценами в беларуси официальный сайт;Белорусская мебель;коммерческий;;149;105;;;35;/;arsenkin_sem+keysso
шкаф витрина со стеклом;Шкафы;общий;;1780;104;;98;24;/catalog/korpusnaya-mebel/shkafyi/f/type--shkaf-s-vitrinoy;arsenkin_sem+keysso
диван омега;Диваны;общий;;1461;104;;138;20;/catalog/myagkaya-mebel/divanyi/3-h-mestnyiy-divan-omega;arsenkin_sem+keysso
комод со стеклом;Комоды и тумбы;общий;;1884;104;;83;31;/catalog/korpusnaya-mebel/tumbyi/f/komplektatsiya--so_steklom;arsenkin_sem+keysso
диван тахта с ящиком;Тахты и кушетки;общий;;798;102;791;;22;/catalog/myagkaya-mebel/tahtyi/f/s_yashhikom--est;arsenkin_sem+expand+keysso
mebelson мебельная фабрика официальный сайт;Фабрика/производитель;коммерческий;;;102;434;;;;expand
кровать односпальная с мягким изголовьем;Кровати;общий;;1023;102;;;28;/catalog/korpusnaya-mebel/krovati/f/type--odnospalnaya-krovat/izgolove--smyagkoyobivkoy;arsenkin_sem+keysso
минский мебельный центр официальный сайт;Белорусская мебель;коммерческий;;135;102;;;36;/;arsenkin_sem+keysso
купить диван в воронеже каталог и цены фото воронеж;Диваны;коммерческий;да;147;101;;;39;/catalog/myagkaya-mebel/divanyi;arsenkin_sem+keysso
мягкая мебель диваны;Диваны;общий;;8885;101;;92;22;/catalog/myagkaya-mebel/divanyi;arsenkin_sem+keysso
дуб наварра;Мебель из массива;общий;;1029;101;;;27;/catalog/korpusnaya-mebel/shkafyi/shkaf-dlya-odejdyi-deko-bm2-776-56-01/ldspdubnavarra;arsenkin_sem+keysso
белорусская мебель ставрополь;Белорусская мебель;общий;да;282;100;270;;14;/catalog/myagkaya-mebel;arsenkin_sem+expand+keysso
диван шенилл;Диваны;общий;;3874;100;;82;22;/catalog/myagkaya-mebel/divanyi/f/obivka--shenill;arsenkin_sem+keysso
мебель фараон;Мебель общ.;общий;;1934;100;;47;16;/catalog/korpusnaya-mebel/nabor-korpusnoy-mebeli-faraon;arsenkin_sem+keysso
диваны белоруссия;Диваны;общий;;3460;100;;110;17;/catalog;arsenkin_sem+keysso
мебельные фабрики в москве и московской области;Фабрика/производитель;общий;да;;99;282;;;;expand
стол обеденный из массива дуба;Столы и стулья;общий;;484;98;;;15;/catalog/korpusnaya-mebel/stolyi/f/type--stol-obedennyiy/material--massiv_duba;arsenkin_sem+keysso
банкетка со спинкой в прихожую;Прихожие;общий;;353;98;;;24;/catalog/myagkaya-mebel/banketki/f/type--banketka-so-spinkoy;arsenkin_sem+keysso
кресло кожаное для дома купить;Диваны кожаные;коммерческий;;240;97;;;15;/catalog/myagkaya-mebel/kresla/f/obivka--naturalnaya_koja;arsenkin_sem+keysso
мебельный завод;Мебель общ.;общий;;6105;97;;95;31;/;arsenkin_sem+keysso
полка мебельная;Мебель общ.;общий;;7069;97;;138;32;/catalog/korpusnaya-mebel/dekorativnyie-elementyi/f/type--polka;arsenkin_sem+keysso
растения для спальни;Спальни;общий;;706;97;;;22;/blog/5-poleznyih-rasteniy-dlya-spalni;arsenkin_sem+keysso
ашан мебель каталог;Мебель общ.;коммерческий;;315;97;;;32;/;arsenkin_sem+keysso
мебель деревянная из массива;Мебель из массива;общий;;308;96;;;18;/catalog;arsenkin_sem+keysso
белорусские товары в москве;Белорусская мебель;общий;да;908;96;;;28;/;arsenkin_sem+keysso
диван верди;Диваны;общий;;523;95;;;14;/catalog/myagkaya-mebel/divanyi/3-h-mestnyiy-divan-verdi-3m;arsenkin_sem+keysso
белорусские диваны каталог с ценами официальный сайт;Диваны;коммерческий;;105;95;;;1;/catalog/myagkaya-mebel/divanyi;arsenkin_sem+keysso
комплект мягкой мебели диван и 2 кресла купить;Кресла;коммерческий;;164;95;;;32;/catalog/myagkaya-mebel/naboryi-myagkoy-mebeli;arsenkin_sem+keysso
стол обеденный круглый деревянный;Столы и стулья;общий;;540;95;;;34;/catalog/korpusnaya-mebel/stolyi/f/forma--kruglaya;arsenkin_sem+keysso
классические стулья;Столы и стулья;общий;;2669;94;;79;26;/catalog/korpusnaya-mebel/stulya/f/stil--klassika;arsenkin_sem+keysso
обувница комод;Комоды и тумбы;общий;;1206;94;;;18;/catalog/korpusnaya-mebel/tumbyi/f/type--tumba-dlya-obuvi;arsenkin_sem+keysso
диван бай каталог;Диваны;коммерческий;;418;94;;;20;/catalog/myagkaya-mebel/divanyi;arsenkin_sem+keysso
мебельная фабрика ладья;Фабрика/производитель;общий;;;92;1151;;;;expand
тахта на кухню;Тахты и кушетки;общий;;376;92;596;;20;/catalog/myagkaya-mebel/tahtyi/f/naznachenie--na_kuhnyu;arsenkin_sem+expand+keysso
купить диван раскладной вперед;Диваны;коммерческий;;559;92;;;37;/catalog/myagkaya-mebel/divanyi/f/transformation--vperjod_raskladnoj;arsenkin_sem+keysso
комоды белорусская мебель;Комоды и тумбы;общий;;483;92;;;7;/catalog/korpusnaya-mebel/tumbyi/f/type--komod;arsenkin_sem+keysso
кресло оскар купить;Кресла;коммерческий;;336;91;;;21;/catalog/myagkaya-mebel/kresla/kreslo-oskar-12---spetspredlojenie;arsenkin_sem+keysso
луна мебель;Мебель общ.;общий;;731;91;;;22;/catalog/korpusnaya-mebel/mebel-dlya-detskoy/nabor-dlya-detskoy-luna;arsenkin_sem+keysso
скамья в прихожую;Прихожие;общий;;626;90;;;28;/catalog/korpusnaya-mebel/stulya/f/type--skamya;arsenkin_sem+keysso
стол из дуба купить;Столы и стулья;коммерческий;;754;90;;;13;/catalog/korpusnaya-mebel/stolyi/f/type--stol-obedennyiy/material--massiv_duba;arsenkin_sem+keysso
кресло мягкое купить в спб;Кресла;коммерческий;да;389;90;;;24;/catalog/myagkaya-mebel/kresla;arsenkin_sem+keysso
стол раздвижной деревянный;Столы и стулья;общий;;2086;90;;109;25;/catalog/korpusnaya-mebel/stolyi/f/type--stol-obedennyiy/mehanizm_razdvijeniya--est;arsenkin_sem+keysso
пандрев официальный сайт каталог мебели;Мебель общ.;коммерческий;;98;89;;;8;/;arsenkin_sem+keysso
нераскладной диван в гостиную;Диваны;общий;;159;89;;;17;/catalog/myagkaya-mebel/divanyi/f/po_nalichiyu_transformatsii--ne_raskladnoy;arsenkin_sem+keysso
диваны серпухов;Диваны;общий;;1759;89;;80;22;/catalog/myagkaya-mebel/divanyi;arsenkin_sem+keysso
интерьер центр мебельная фабрика официальный сайт;Фабрика/производитель;коммерческий;;;88;806;;;;expand
белорусская мебельная фабрика 1;Белорусская мебель;общий;;;88;553;;;;expand
купить тахту в москве недорого с доставкой;Тахты и кушетки;коммерческий;да;;88;279;;;;expand
диван нео;Диваны;общий;;1428;88;;101;25;/catalog/myagkaya-mebel/divanyi/3-h-mestnyiy-divan-neo-3m;arsenkin_sem+keysso
корпусная мебель для кухни;Кухни;общий;;613;88;;;27;/catalog/kuhni;arsenkin_sem+keysso
продажа диванов;Диваны;общий;;7764;88;;138;24;/catalog/myagkaya-mebel/divanyi;arsenkin_sem+keysso
магазин кухонной мебели;Кухни;коммерческий;;3516;88;;81;15;/catalog/kuhni;arsenkin_sem+keysso
спальня валенсия;Спальни;общий;;394;88;;;16;/catalog/korpusnaya-mebel/mebel-dlya-spalni/spalnya-valensiya-klassik--1;arsenkin_sem+keysso
тахта кровать с ящиком;Тахты и кушетки;общий;;1774;87;2188;49;30;/catalog/myagkaya-mebel/tahtyi/f/s_yashhikom--est;arsenkin_sem+expand+keysso
диван йорк;Диваны;общий;;1391;87;;87;10;/catalog/myagkaya-mebel/divanyi/3-h-mestnyiy-divan-york/naturalnayakoja120gruppa;arsenkin_sem+keysso
комод денвер;Комоды и тумбы;общий;;1454;87;;65;31;/catalog/korpusnaya-mebel/tumbyi/komod-denver-p6-639-1-02/ldspdubkanzaskapuchino;arsenkin_sem+keysso
кухни нальчик;Кухни;общий;;2277;87;;95;37;/catalog/kuhni;arsenkin_sem+keysso
диван монро;Диваны;общий;;464;87;;;17;/catalog/myagkaya-mebel/divanyi/3-h-mestnyiy-divan-monro-3m;arsenkin_sem+keysso
мебельная фабрика сокол;Фабрика/производитель;общий;;;86;1132;;;;expand
диван бриз;Диваны;общий;;1071;86;;;18;/catalog/myagkaya-mebel/divanyi/2-h-mestnyiy-divan-briz-1;arsenkin_sem+keysso
что означает модульный диван;Диваны модульные;общий;;125;86;;;35;/blog/chto-takoe-modulnaya-myagkaya-mebel;arsenkin_sem+keysso
диван аргус;Диваны;общий;;792;86;;;9;/catalog/myagkaya-mebel/divanyi/uglovoy-divan-argus-1-2ml6r;arsenkin_sem+keysso
каталог дуб;Мебель из массива;коммерческий;;1519;86;;74;15;/catalog/korpusnaya-mebel/f/materializgotovleniya--massivduba;arsenkin_sem+keysso
купить кресло в белгороде;Кресла;коммерческий;да;1174;85;;;27;/catalog/myagkaya-mebel/kresla;arsenkin_sem+keysso
д1 диваны;Диваны;общий;;325;85;;;41;/catalog/myagkaya-mebel/divanyi;arsenkin_sem+keysso
механизм складывания дивана;Диваны;общий;;813;85;;;17;/mehanizmyi-transformatsii;arsenkin_sem+keysso
белый воск мебель официальный сайт;Мебель общ.;коммерческий;;317;84;;;27;/catalog/korpusnaya-mebel/shkafyi/f/type--shkaf-s-vitrinoy;arsenkin_sem+keysso
шкаф бергамо;Шкафы;общий;;901;84;;;18;/catalog/korpusnaya-mebel/shkafyi/shkaf-bergamo-p607-01-1---sale/goryachiyshokoladkapuchinoglyanets;arsenkin_sem+keysso
шкаф витрина рустик;Шкафы;общий;;215;84;;;14;/catalog/korpusnaya-mebel/shkafyi/shkaf-vitrina-verdi-klassik-p1-0487-0-11/massivdubdubrustikalspatinirovaniem;arsenkin_sem+keysso
гостиная тиффани;Гостиные и стенки;общий;;713;84;;;9;/catalog/korpusnaya-mebel/mebel-dlya-gostinoy/gostinaya-tiffani;arsenkin_sem+keysso
купить софу или тахту;Тахты и кушетки;коммерческий;;831;83;821;;27;/catalog/myagkaya-mebel/tahtyi;arsenkin_sem+expand+keysso
тайпит мебель официальный сайт каталог;Мебель общ.;коммерческий;;85;83;;;40;/;arsenkin_sem+keysso
кресло консул;Кресла;общий;;452;83;;;18;/catalog/myagkaya-mebel/kresla/kreslo-konsul-23--spetspredlojenie;arsenkin_sem+keysso
кухни беларуси официальный сайт;Кухни;коммерческий;;315;83;;;5;/catalog/kuhni;arsenkin_sem+keysso
тумба под телевизор под дерево;Комоды и тумбы;общий;;844;83;;;29;/catalog/korpusnaya-mebel/tumbyi/f/type--tumba-pod-televizor;arsenkin_sem+keysso
каталог диванов;Диваны;коммерческий;;140471;83;;118;26;/catalog/myagkaya-mebel/divanyi;arsenkin_sem+keysso
диван длинный;Диваны;общий;;5024;83;;87;22;/catalog/myagkaya-mebel/divanyi/f/po_gabaritam--dlinnyie;arsenkin_sem+keysso
кресло кожаное для дома;Диваны кожаные;общий;;487;82;;;18;/catalog/myagkaya-mebel/kresla/f/obivka--naturalnaya_koja;arsenkin_sem+keysso
диван книга;Диваны;общий;;3395;82;;48;27;/catalog/myagkaya-mebel/divanyi/f/transformation--knizhka;arsenkin_sem+keysso
спадар дрэва кухонная мебель сайт официальный;Кухни;общий;;81;81;;;29;/;arsenkin_sem+keysso
белмебель официальный сайт;Мебель общ.;коммерческий;;215;81;;;18;/;arsenkin_sem+keysso
диван в классическом стиле;Диваны;общий;;1125;81;;;5;/catalog/myagkaya-mebel/divanyi/f/stil--klassika;arsenkin_sem+keysso
стенка в гостиную классическая;Гостиные и стенки;общий;;573;81;;;29;/catalog/korpusnaya-mebel/mebel-dlya-gostinoy/f/stil--klassika;arsenkin_sem+keysso
дубовая мебель;Мебель из массива;общий;;1128;81;;;10;/catalog/korpusnaya-mebel/f/materializgotovleniya--massivduba;arsenkin_sem+keysso
диван кровать тахта;Тахты и кушетки;общий;;697;80;594;;22;/catalog/myagkaya-mebel/tahtyi;arsenkin_sem+expand+keysso
велюровое кресло;Кресла;общий;;1672;80;;52;25;/catalog/myagkaya-mebel/kresla/f/obivka--velyur;arsenkin_sem+keysso
магазин белорусских товаров в москве;Белорусская мебель;коммерческий;да;517;80;;;32;/;arsenkin_sem+keysso
фандок мебель каталог;Мебель общ.;коммерческий;;273;80;;;42;/;arsenkin_sem+keysso
мебель тиффани каталог с ценами;Мебель общ.;коммерческий;;254;80;;;30;/catalog/korpusnaya-mebel/mebel-dlya-spalni/spalnya-tiffani;arsenkin_sem+keysso
комод со стеклянными дверцами;Комоды и тумбы;общий;;491;80;;;28;/catalog/korpusnaya-mebel/tumbyi/f/komplektatsiya--so_steklom;arsenkin_sem+keysso
широкий мягкий диван;Диваны;общий;;418;79;;;33;/catalog/myagkaya-mebel/divanyi;arsenkin_sem+keysso
диван угловой купить с доставкой;Диваны угловые;коммерческий;;980;79;;;29;/catalog/myagkaya-mebel/divanyi-uglovyie;arsenkin_sem+keysso
сайт ами мебель каталог;Мебель общ.;коммерческий;;378;79;;;32;/;arsenkin_sem+keysso
кухня виола;Кухни;общий;;1100;79;;;10;/catalog/kuhni/kuhni-pod-zakaz/kuhni-viola;arsenkin_sem+keysso
нарус мебельная фабрика официальный сайт;Фабрика/производитель;коммерческий;;79;79;;;40;/;arsenkin_sem+keysso
олмеко мебельная фабрика официальный сайт;Фабрика/производитель;коммерческий;;;78;588;;;;expand
купить кровать тахту с подъемным механизмом;Тахты и кушетки;коммерческий;;625;78;516;;40;/catalog/myagkaya-mebel/tahtyi/f/transformation--podemnyj;arsenkin_sem+expand+keysso
угловой диван пума;Диваны угловые;общий;;292;78;249;;9;/catalog/myagkaya-mebel/divanyi/uglovoy-divan-puma-6ml-r-20mr-l;arsenkin_sem+expand+keysso
белорусская мебель стол письменный;Столы и стулья;общий;;194;78;;;9;/catalog/korpusnaya-mebel/stolyi/f/type--stol-pismennyiy;arsenkin_sem+keysso
комплект мягкой мебели для гостиной с креслами;Кресла;общий;;87;78;;;20;/catalog/myagkaya-mebel/naboryi-myagkoy-mebeli;arsenkin_sem+keysso
диван кембридж;Диваны;общий;;530;78;;;18;/catalog/myagkaya-mebel/divanyi/3-h-mestnyiy-divan-kembridj-3m;arsenkin_sem+keysso
где можно купить мебель;Мебель общ.;коммерческий;;7565;78;;71;36;/;arsenkin_sem+keysso
мебельная фабрика комфорт;Фабрика/производитель;общий;;;77;854;;;;expand
тахта кровать с подъемным механизмом 90х200;Тахты и кушетки;общий;;;77;556;;;;expand
мебельсон мебельная фабрика официальный сайт;Фабрика/производитель;коммерческий;;;77;552;;;;expand
купить письменный стол из дерева;Столы и стулья;коммерческий;;589;77;;;25;/catalog/korpusnaya-mebel/stolyi/f/type--stol-pismennyiy;arsenkin_sem+keysso
фандок мебель каталог с ценами;Мебель общ.;коммерческий;;160;77;;;42;/;arsenkin_sem+keysso
диван классика;Диваны;общий;;3587;77;;99;13;/catalog/myagkaya-mebel/divanyi/f/stil--klassika;arsenkin_sem+keysso
диван флок;Диваны;общий;;2266;77;;71;10;/catalog/myagkaya-mebel/divanyi/f/obivka--flok;arsenkin_sem+keysso
набор мягкой мебели;Мягкая мебель общ.;общий;;2233;77;;70;8;/catalog/myagkaya-mebel/naboryi-myagkoy-mebeli/f/obivka--naturalnaya_koja;arsenkin_sem+keysso
кресло реклайнер для дома купить;Кресла реклайнеры;коммерческий;;;76;847;;;;expand
авангард мебельная фабрика;Фабрика/производитель;общий;;;76;736;;;;expand
дана мебель официальный сайт;Мебель общ.;коммерческий;;256;76;;;27;/;arsenkin_sem+keysso
какой диван лучше купить для ежедневного использования для сна;Диваны;коммерческий;;112;76;;;35;/blog/kak-vyibrat-divan-dlya-ejednevnogo-sna;arsenkin_sem+keysso
некрасовых мебельная фабрика официальный сайт;Фабрика/производитель;коммерческий;;138;76;;;44;/;arsenkin_sem+keysso
мебельный комбинат;Мебель общ.;общий;;8146;76;;63;18;/catalog;arsenkin_sem+keysso
владимирская мебельная фабрика официальный сайт;Фабрика/производитель;коммерческий;;;75;453;;;;expand
диван тахта с ящиком для белья;Тахты и кушетки;общий;;277;75;321;;25;/catalog/myagkaya-mebel/tahtyi/f/s_yashhikom--est;arsenkin_sem+expand+keysso
мебель тиффани белоруссия;Белорусская мебель;общий;;248;75;243;;17;/catalog/korpusnaya-mebel/mebel-dlya-spalni/spalnya-tiffani;arsenkin_sem+expand+keysso
кресло классическое;Кресла;общий;;1605;75;;93;19;/catalog/myagkaya-mebel/kresla/f/stil--klassika;arsenkin_sem+keysso
плоское основание для кровати;Кровати;общий;;107;75;;;31;/blog/osnovanie-dlya-krovati--delaem-pravilnyiy-vyibor;arsenkin_sem+keysso
диван прямой нераскладной;Диваны;общий;;1017;75;;;29;/catalog/myagkaya-mebel/divanyi/f/po_nalichiyu_transformatsii--ne_raskladnoy;arsenkin_sem+keysso
диван классический купить;Диваны;коммерческий;;752;75;;;9;/catalog/myagkaya-mebel/divanyi/f/stil--klassika;arsenkin_sem+keysso
диван 2200 прямой раскладной;Диваны;общий;;93;75;;;42;/catalog/myagkaya-mebel/divanyi-pryamyie/f/po_nalichiyu_transformatsii--raskladnoy;arsenkin_sem+keysso
мебельная фабрика 8 марта;Фабрика/производитель;общий;;;74;520;;;;expand
складное кресло кровать;Кресла-кровати;общий;;391;74;517;;41;/catalog/myagkaya-mebel/kresla/f/type--kreslo-krovat;arsenkin_sem+expand+keysso
кухня куфар;Кухни;общий;;2959;74;;0;19;/catalog/kuhni;arsenkin_sem+keysso
кухни белоруссии официальный сайт каталог и цены;Кухни;коммерческий;;74;74;;;2;/catalog/kuhni;arsenkin_sem+keysso
диван 1 5 спальный раскладной;Диваны;общий;;184;74;;;39;/catalog/myagkaya-mebel/divanyi;arsenkin_sem+keysso
мебель фирмы;Мебель общ.;общий;;15716;74;;67;19;/;arsenkin_sem+keysso
диван нью йорк;Диваны;общий;;768;73;;;18;/catalog/myagkaya-mebel/divanyi/uglovoy-divan-nyu-york-3ml-r-6mr-l;arsenkin_sem+keysso
кушетка мягкая;Тахты и кушетки;общий;;2987;73;;57;14;/catalog/myagkaya-mebel/kushetki-mini-divanyi;arsenkin_sem+keysso
диван манчестер прямой;Диваны;общий;;136;73;;;42;/catalog/myagkaya-mebel/divanyi/3-h-mestnyiy-divan-manchester-1;arsenkin_sem+keysso
угловые диваны для гостиной со спальным местом;Диваны угловые;общий;;;72;920;;;;expand
мебельные фабрики беларуси;Белорусская мебель;общий;;561;72;356;;9;/;arsenkin_sem+expand+keysso
стулья классические деревянные;Столы и стулья;общий;;341;72;;;23;/catalog/korpusnaya-mebel/stulya/f/stil--klassika;arsenkin_sem+keysso
диван relax;Диваны;общий;;301;72;;;32;/catalog/myagkaya-mebel/divanyi/f/transformation--relax;arsenkin_sem+keysso
парра мебель официальный сайт;Мебель общ.;коммерческий;;80;72;;;40;/;arsenkin_sem+keysso
кровать верди;Кровати;общий;;779;72;;;24;/catalog/korpusnaya-mebel/krovat-dvoynaya-verdi-klassik-s-vyisokim-iznojem;arsenkin_sem+keysso
белкухни;Кухни;общий;;395;72;;;16;/catalog/kuhni;arsenkin_sem+keysso
стол деревянный овальный;Столы и стулья;общий;;927;72;;;19;/catalog/korpusnaya-mebel/stolyi/f/forma--ovalnaya;arsenkin_sem+keysso
кожаный диван на кухню;Диваны кожаные;общий;;509;71;528;;31;/catalog/myagkaya-mebel/divanyi/f/material--naturalnaya_kozha;arsenkin_sem+expand+keysso
мебель белоруссии в москве каталог и цены;Белорусская мебель;коммерческий;да;85;71;73;;6;/catalog/default/index;arsenkin_sem+expand+keysso
тумбочка под тв;Комоды и тумбы;общий;;642;71;;;31;/catalog/korpusnaya-mebel/tumbyi/f/type--tumba-pod-televizor;arsenkin_sem+keysso
дом корлеоне мебель;Мебель общ.;общий;;122;71;;;38;/catalog/myagkaya-mebel/divanyi/3-h-mestnyiy-divan-korleone-3m;arsenkin_sem+keysso
диван с ящиком для белья;Диваны;общий;;8879;71;;85;29;/catalog/myagkaya-mebel/divanyi/f/s_yashhikom--est;arsenkin_sem+keysso
кухня из массива дуба;Кухни;общий;;658;70;598;;4;/catalog/kuhni/kuhni-pod-zakaz/f/material--massiv_duba;arsenkin_sem+expand+keysso
мебельная фабрика уютная среда;Фабрика/производитель;общий;;;70;314;;;;expand
угловой диван на высоких ножках;Диваны угловые;общий;;139;70;161;;18;/catalog/myagkaya-mebel/divanyi-uglovyie/f/material_nojek--metall;arsenkin_sem+expand+keysso
белорусская мебель махачкала;Белорусская мебель;общий;;331;70;;;21;/catalog;arsenkin_sem+keysso
кресло в детскую комнату;Кресла;общий;;704;70;;;23;/catalog/myagkaya-mebel/kresla/f/naznachenie--v_detskuyu;arsenkin_sem+keysso
спальня неоклассика;Спальни;общий;;865;70;;;28;/blog/dizayn-spalni-v-stile-neoklassika;arsenkin_sem+keysso
угловой диван в гостиную в современном стиле со спальным местом;Диваны угловые;общий;;289;70;;;32;/catalog/myagkaya-mebel/divanyi-uglovyie;arsenkin_sem+keysso
шкаф прикроватный;Кровати;общий;;1653;69;;109;15;/catalog/korpusnaya-mebel/shkafyi/f/type--tumba-prikrovatnaya;arsenkin_sem+keysso
милана мебель;Мебель общ.;общий;;3422;69;;75;8;/catalog/korpusnaya-mebel/mebel-dlya-spalni/spalnya-milana;arsenkin_sem+keysso
настоящая мебель официальный сайт;Мебель общ.;коммерческий;;189;69;;;40;/;arsenkin_sem+keysso
1.5 кровать купить;Кровати;коммерческий;;2140;69;;49;30;/catalog/korpusnaya-mebel/krovati/f/kolichestvo_spalnyih_mest--1_5_spalnoe;arsenkin_sem+keysso
шкаф для белья с полками;Шкафы;общий;;760;69;;;29;/catalog/korpusnaya-mebel/shkafyi/f/naznachenie--dlya_belya;arsenkin_sem+keysso
диваны с доставкой по россии;Диваны;общий;;740;69;;;35;/catalog/myagkaya-mebel/divanyi;arsenkin_sem+keysso
кровать тахта 120х200 с подъемным механизмом;Тахты и кушетки;общий;;;68;583;;;;expand
диван мягкий и удобный;Диваны;общий;;474;68;;;29;/catalog/myagkaya-mebel/divanyi;arsenkin_sem+keysso
стол дубовый обеденный купить;Столы и стулья;коммерческий;;121;68;;;14;/catalog/korpusnaya-mebel/stolyi/f/type--stol-obedennyiy/material--massiv_duba;arsenkin_sem+keysso
кресло аккордеон купить;Кресла;коммерческий;;777;68;;;36;/catalog/myagkaya-mebel/kresla/f/transformation--akkordeon;arsenkin_sem+keysso
кресло релакс купить;Кресла;коммерческий;;243;68;;;34;/catalog/myagkaya-mebel/kresla/f/transformation--relax;arsenkin_sem+keysso
мелисса мебель;Мебель общ.;общий;;459;68;;;19;/catalog/myagkaya-mebel/naboryi-myagkoy-mebeli/nabor-mebeli-melissa;arsenkin_sem+keysso
диван аккордеон с оттоманкой;Диваны;общий;;246;68;;;39;/catalog/myagkaya-mebel/divanyi/f/nalichie_ottomanki--est;arsenkin_sem+keysso
мебель 70;Мебель общ.;общий;;3981;68;;65;17;/blog/retro-v-interere--mebel-70-h-snova-v-trende;arsenkin_sem+keysso
белорусская мебель купить;Белорусская мебель;коммерческий;;2153;67;2088;52;2;/;arsenkin_sem+expand+keysso
кухня слоновая кость;Кухни;общий;;1932;67;;62;26;/catalog/kuhni/kuhni-pod-zakaz/kuhnya-verdi/massivdubslonovayakost;arsenkin_sem+keysso
купить диван в нальчике;Диваны;коммерческий;;483;67;;;31;/catalog/myagkaya-mebel/divanyi;arsenkin_sem+keysso
диван кожаный мягкий;Диваны кожаные;общий;;352;67;;;8;/catalog/myagkaya-mebel/divanyi/f/material--naturalnaya_kozha;arsenkin_sem+keysso
комнатные растения для спальни;Спальни;общий;;272;67;;;26;/blog/5-poleznyih-rasteniy-dlya-spalni;arsenkin_sem+keysso
диван малибу;Диваны;общий;;448;67;;;8;/catalog/myagkaya-mebel/divanyi/uglovoy-divan-malibu;arsenkin_sem+keysso
купить шкаф в стиле прованс;Шкафы;коммерческий;;191;67;;;28;/catalog/korpusnaya-mebel/shkafyi/f/stil--provans;arsenkin_sem+keysso
стол бостон письменный;Столы и стулья;общий;;406;67;;;39;/catalog/korpusnaya-mebel/stolyi/stol-pismennyiy-p034-51-ot-n-m-boston;arsenkin_sem+keysso
диван угловой раскладной двуспальный;Диваны угловые;общий;;;66;1068;;;;expand
кресло реклайнер механическое;Кресла реклайнеры;общий;;533;66;525;;10;/catalog/myagkaya-mebel/kresla/f/tip_reklaynera--mehanicheskiy;arsenkin_sem+expand+keysso
кресло кровать реклайнер;Кресла-кровати;общий;;91;66;83;;27;/catalog/myagkaya-mebel/kresla/f/type--kreslo-reklayner;arsenkin_sem+expand+keysso
спальня в классическом стиле;Спальни;общий;;1061;66;;;18;/blog/dizayn-spalni-v-klassicheskom-stile;arsenkin_sem+keysso
стол обеденный деревянный овальный;Столы и стулья;общий;;207;66;;;26;/catalog/korpusnaya-mebel/stolyi/f/forma--ovalnaya;arsenkin_sem+keysso
белмебель краснотурьинск каталог и цены;Мебель общ.;коммерческий;;75;66;;;44;/;arsenkin_sem+keysso
купить спальню в современном стиле;Спальни;коммерческий;;1390;66;;75;24;/catalog/korpusnaya-mebel/mebel-dlya-spalni/f/stil--sovremennyiy;arsenkin_sem+keysso
диван консул;Диваны;общий;;858;66;;;17;/catalog/myagkaya-mebel/divanyi/3-h-mestnyiy-divan-konsul-23;arsenkin_sem+keysso
шкаф витрина для посуды в гостиную;Гостиные и стенки;общий;;635;66;;;32;/catalog/korpusnaya-mebel/shkafyi/f/type--shkaf-s-vitrinoy;arsenkin_sem+keysso
угловая мебель;Диваны угловые;общий;;19448;66;;67;20;/catalog/myagkaya-mebel/divanyi-uglovyie;arsenkin_sem+keysso
прихожая в классическом стиле;Прихожие;общий;;628;66;;;14;/catalog/korpusnaya-mebel/prihojie/f/stil--klassika;arsenkin_sem+keysso
диван с двумя оттоманками;Диваны;общий;;443;66;;;27;/catalog/myagkaya-mebel/divanyi/f/nalichie_ottomanki--est;arsenkin_sem+keysso
красный кожаный диван;Диваны кожаные;общий;;484;65;426;;11;/catalog/myagkaya-mebel/divanyi/f/material--naturalnaya_kozha/tsvet--krasnyiy;arsenkin_sem+expand+keysso
купить диван односпальный;Диваны;коммерческий;;909;65;;;36;/catalog/myagkaya-mebel/divanyi/f/kolichestvo_spalnyih_mest--1_spalnoe;arsenkin_sem+keysso
диван бейкер;Диваны;общий;;279;65;;;40;/catalog/myagkaya-mebel/divanyi;arsenkin_sem+keysso
подставка под цветы деревянная;Мебель из массива;общий;;491;65;;;12;/catalog/korpusnaya-mebel/dekorativnyie-elementyi/f/type--podstavka-dekorativnaya;arsenkin_sem+keysso
подставка под цветы из дерева;Мебель из массива;общий;;660;65;;;20;/catalog/korpusnaya-mebel/dekorativnyie-elementyi/f/type--podstavka-dekorativnaya;arsenkin_sem+keysso
мебель вам официальный сайт;Мебель общ.;коммерческий;;179;65;;;33;/;arsenkin_sem+keysso
диван 2 местный;Диваны;общий;;4096;65;;75;18;/catalog/myagkaya-mebel/divanyi/f/type--2-h-mestnyiy-divan;arsenkin_sem+keysso
гостиная парма;Гостиные и стенки;общий;;348;65;;;12;/catalog/korpusnaya-mebel/mebel-dlya-gostinoy/gostinaya-parma--2;arsenkin_sem+keysso
диван релакс купить;Диваны;коммерческий;;425;65;;;42;/catalog/myagkaya-mebel/divanyi/f/transformation--relax;arsenkin_sem+keysso
диван книжка купить в перми;Диваны;коммерческий;да;130;65;;;39;/catalog/myagkaya-mebel/divanyi-pryamyie/f/transformation-knizhka;arsenkin_sem+keysso
белорусская мебель из массива;Мебель из массива;общий;;;64;1085;;;;expand
он выебал мою тахту;Тахты и кушетки;общий;;;64;964;;;;expand
мебель из сосны белоруссия купить в москве;Мебель из массива;коммерческий;да;68;64;61;;23;/catalog;arsenkin_sem+expand+keysso
древ мебель официальный сайт;Мебель общ.;коммерческий;;155;64;;;25;/;arsenkin_sem+keysso
диван прямой раскладной купить в москве;Диваны;коммерческий;да;189;64;;;19;/catalog/myagkaya-mebel/divanyi-pryamyie/f/po_nalichiyu_transformatsii--raskladnoy;arsenkin_sem+keysso
мебель kaya;Мебель общ.;общий;;121;64;;;13;/catalog/myagkaya-mebel/kresla/kreslo-kaya-12;arsenkin_sem+keysso
кресло в прихожую;Кресла;общий;;484;64;;;15;/catalog/myagkaya-mebel/kresla/f/naznachenie--v_prihojuyu;arsenkin_sem+keysso
детская мебель из массива;Детская;общий;;317;63;330;;13;/catalog/korpusnaya-mebel/mebel-dlya-detskoy;arsenkin_sem+expand+keysso
белорусская мебель для гостиной;Гостиные и стенки;общий;;192;63;226;;2;/catalog/korpusnaya-mebel/mebel-dlya-gostinoy;arsenkin_sem+expand+keysso
спальный гарнитур белорусская мебель;Спальни;общий;;167;63;121;;6;/catalog/korpusnaya-mebel/mebel-dlya-spalni;arsenkin_sem+expand+keysso
марка мебель;Мебель общ.;общий;;3452;63;;65;36;/;arsenkin_sem+keysso
белкухни официальный сайт;Кухни;коммерческий;;70;63;;;25;/catalog/kuhni;arsenkin_sem+keysso
купить тахту в чите;Тахты и кушетки;коммерческий;;269;63;;;23;/catalog/myagkaya-mebel/tahtyi;arsenkin_sem+keysso
купить кухонный гарнитур дешево;Кухни;коммерческий;;810;63;;;39;/catalog/kuhni;arsenkin_sem+keysso
диван барселона 2;Диваны;общий;;307;63;;;3;/catalog/myagkaya-mebel/divanyi/3-h-mestnyiy-divan-barselona-2-3m---spetspredlojenie/tkan22gruppa;arsenkin_sem+keysso
белорусская мебель в москве купить;Белорусская мебель;коммерческий;да;278;63;;;8;/;arsenkin_sem+keysso
спальная мебель для спальни;Спальни;общий;;132;63;;;33;/catalog/korpusnaya-mebel/mebel-dlya-spalni;arsenkin_sem+keysso
шкаф нортон;Шкафы;общий;;551;63;;;11;/catalog/korpusnaya-mebel/shkafyi/shkaf-kupe-2d-norton-bm2-768-1-22;arsenkin_sem+keysso
прихожая из массива дерева;Прихожие;общий;;267;62;458;;29;/catalog/korpusnaya-mebel/prihojie;arsenkin_sem+expand+keysso
купить книжный шкаф из массива дерева;Шкафы;коммерческий;;;62;380;;;;expand
белорусская мебель купить в москве;Белорусская мебель;коммерческий;да;;62;330;;;;expand
диван честерфилд купить;Диваны;коммерческий;;233;62;;;29;/catalog/myagkaya-mebel/divanyi/3-h-mestnyiy-divan-chesterfild;arsenkin_sem+keysso
тахта детская купить;Тахты и кушетки;коммерческий;;546;62;;;38;/catalog/myagkaya-mebel/tahtyi/f/naznachenie--v_detskuyu;arsenkin_sem+keysso
мебель для дома москва;Мебель общ.;общий;да;316;62;;;31;/;arsenkin_sem+keysso
френд мебель официальный сайт каталог;Мебель общ.;коммерческий;;62;62;;;36;/;arsenkin_sem+keysso
муромлянка мебель официальный сайт;Мебель общ.;коммерческий;;119;62;;;38;/;arsenkin_sem+keysso
купить кровать 1 5;Кровати;коммерческий;;2730;62;;46;29;/catalog/korpusnaya-mebel/krovati/f/kolichestvo_spalnyih_mest--1_5_spalnoe;arsenkin_sem+keysso
мебель для гостиной неоклассика;Гостиные и стенки;общий;;97;62;;;2;/catalog/korpusnaya-mebel/mebel-dlya-gostinoy/f/stil--neoklassika;arsenkin_sem+keysso
длинный угловой диван;Диваны угловые;общий;;525;61;491;;24;/catalog/myagkaya-mebel/divanyi-uglovyie/f/po_gabaritam--dlinnyie;arsenkin_sem+expand+keysso
большой кожаный диван;Диваны кожаные;общий;;502;61;432;;9;/catalog/myagkaya-mebel/divanyi-uglovyie/f/obivka--naturalnaya_koja;arsenkin_sem+expand+keysso
викос мебельная фабрика официальный сайт;Фабрика/производитель;коммерческий;;;61;290;;;;expand
кресло ирис;Кресла;общий;;417;61;;;13;/catalog/myagkaya-mebel/kresla/kreslo-iris-1-12;arsenkin_sem+keysso
шкаф из дуба;Шкафы;общий;;1111;61;;;9;/catalog/korpusnaya-mebel/shkafyi/f/massiv--dub;arsenkin_sem+keysso
стол письменный дерево;Столы и стулья;общий;;2162;61;;69;33;/catalog/korpusnaya-mebel/stolyi/f/type--stol-pismennyiy;arsenkin_sem+keysso
белвест мебель;Мебель общ.;общий;;174;61;;;16;/;arsenkin_sem+keysso
тумба для тв напольная;Комоды и тумбы;общий;;177;61;;;40;/catalog/korpusnaya-mebel/tumbyi/f/type--tumba-pod-televizor;arsenkin_sem+keysso
завод мебель;Мебель общ.;общий;;4728;61;;36;24;/;arsenkin_sem+keysso
тахта для девочки подростка;Тахты и кушетки;общий;;103;61;;;41;/blog/podborka-taht-dlya-komnatyi-podrostka;arsenkin_sem+keysso
диван рояль;Диваны;общий;;349;61;;;17;/catalog/myagkaya-mebel/divanyi/3-h-mestnyiy-divan-milton-royal-3m;arsenkin_sem+keysso
диван угловой левый;Диваны угловые;общий;;3476;61;;90;31;/catalog/myagkaya-mebel/divanyi-uglovyie/f/razmeschenie_ugla--levoe;arsenkin_sem+keysso
белдревмебель;Мебель общ.;общий;;159;61;;;31;/;arsenkin_sem+keysso
мебель в стиле кантри;Мебель общ.;общий;;243;61;;;27;/catalog/korpusnaya-mebel/f/stil--kantri;arsenkin_sem+keysso
диван из массива;Диваны;общий;;1894;61;;47;34;/catalog/myagkaya-mebel/divanyi;arsenkin_sem+keysso
диван алена;Диваны;общий;;248;61;;;8;/catalog/myagkaya-mebel/divanyi/3-h-mestnyiy-divan-alen-3m;arsenkin_sem+keysso
кресло кожаное раскладное;Диваны кожаные;общий;;141;61;;;31;/catalog/myagkaya-mebel/kresla/f/obivka--naturalnaya_koja;arsenkin_sem+keysso
белорусские диваны купить;Диваны;коммерческий;;1244;60;1148;52;2;/catalog/myagkaya-mebel/divanyi;arsenkin_sem+expand+keysso
поставымебель официальный сайт;Мебель общ.;коммерческий;;78;60;;;40;/;arsenkin_sem+keysso
спички белорусские;Белорусская мебель;общий;;191;60;;;14;/spichki--derevoobrabotka/kupit-spichki-optom-ot-proizvoditelya-pinskdrev;arsenkin_sem+keysso
кушетка деревянная;Тахты и кушетки;общий;;948;60;;;13;/catalog/myagkaya-mebel/kushetki-mini-divanyi;arsenkin_sem+keysso
диван седафлекс;Диваны;общий;;554;60;;;6;/catalog/myagkaya-mebel/divanyi/f/transformation--sedafleks_12m;arsenkin_sem+keysso
стол модерн;Столы и стулья;общий;;1090;60;;;32;/catalog/korpusnaya-mebel/stolyi/f/stil--modern;arsenkin_sem+keysso
кресло ирис купить;Кресла;коммерческий;;96;60;;;28;/catalog/myagkaya-mebel/kresla/kreslo-iris-1-12;arsenkin_sem+keysso
хранение обуви в прихожей;Прихожие;общий;;575;60;;;29;/blog/kak-hranit-obuv-v-malenkoy-prihojey;arsenkin_sem+keysso
кровать купить 1.5 спальную;Кровати;коммерческий;;1147;60;;;32;/catalog/korpusnaya-mebel/krovati/f/kolichestvo_spalnyih_mest--1_5_spalnoe;arsenkin_sem+keysso
диван для двоих;Диваны;общий;;2146;60;;60;23;/catalog/myagkaya-mebel/divanyi/f/type--2-h-mestnyiy-divan;arsenkin_sem+keysso
диван угловой с подушками;Диваны угловые;общий;;1203;60;;;12;/catalog/myagkaya-mebel/divanyi-uglovyie/f/podushki_v_komplekte--est;arsenkin_sem+keysso
муром мебель из массива;Мебель из массива;общий;;;59;980;;;;expand
кровать тахта односпальная 90х200;Тахты и кушетки;общий;;;59;765;;;;expand
кровать тахта 140х200;Тахты и кушетки;общий;;;59;740;;;;expand
мебель из массива дерева купить;Мебель из массива;коммерческий;;585;59;566;;27;/catalog;arsenkin_sem+expand+keysso
кожаный диван кровать;Диваны кожаные;общий;;511;59;504;;18;/catalog/myagkaya-mebel/divanyi/f/material--naturalnaya_kozha;arsenkin_sem+expand+keysso
белорусская мебель нальчик;Белорусская мебель;общий;;416;59;397;;12;/catalog/myagkaya-mebel;arsenkin_sem+expand+keysso
купить угловой диван дельфин;Диваны угловые;коммерческий;;414;59;377;;22;/catalog/myagkaya-mebel/divanyi-uglovyie/f/transformation--delfin;arsenkin_sem+expand+keysso
мебель витра официальный сайт каталог цены;Мебель общ.;коммерческий;;60;59;;;15;/;arsenkin_sem+keysso
кушетка диван для малогабаритной комнаты;Тахты и кушетки;общий;;110;59;;;17;/catalog/myagkaya-mebel/kushetki-mini-divanyi;arsenkin_sem+keysso
диван кровать лотос;Диваны;общий;;160;59;;;8;/catalog/korpusnaya-mebel/krovati/krovat-divan-lotos-bm-2186;arsenkin_sem+keysso
тумбы под телевизор современные напольные;Комоды и тумбы;общий;;1487;59;;89;41;/catalog/korpusnaya-mebel/tumbyi/f/type--tumba-pod-televizor;arsenkin_sem+keysso
диван на деревянных ножках;Диваны;общий;;771;58;;;32;/catalog/myagkaya-mebel/divanyi-pryamyie/f/material_nojek--derevo;arsenkin_sem+keysso
купить диван в курске недорого от производителя распродажа курск;Диваны;коммерческий;да;66;58;;;42;/catalog/myagkaya-mebel/divanyi;arsenkin_sem+keysso
спальня монако;Спальни;общий;;488;58;;;4;/catalog/korpusnaya-mebel/mebel-dlya-spalni/spalnya-monako;arsenkin_sem+keysso
диван книжка фото и цены;Диваны;коммерческий;;256;58;;;32;/catalog/myagkaya-mebel/divanyi/f/transformation--knizhka;arsenkin_sem+keysso
шкаф паола;Шкафы;общий;;405;58;;;22;/catalog/korpusnaya-mebel/shkafyi/shkaf-2-h-dvernyiy-paola-bm-2169;arsenkin_sem+keysso
мебельная фабрика витра;Фабрика/производитель;общий;;450;57;455;;43;/;arsenkin_sem+expand+keysso
кровать парма;Кровати;общий;;949;57;;;26;/catalog/korpusnaya-mebel/krovati/krovat-1-12-parma-p7-050-1-02;arsenkin_sem+keysso
купить мягкий уголок в гостиную;Гостиные и стенки;коммерческий;;240;57;;;17;/catalog/myagkaya-mebel/divanyi-uglovyie;arsenkin_sem+keysso
кресло классика;Кресла;общий;;1433;57;;56;25;/catalog/myagkaya-mebel/kresla/f/stil--klassika;arsenkin_sem+keysso
стол дубовый купить;Столы и стулья;коммерческий;;817;57;;;20;/catalog/korpusnaya-mebel/stolyi/f/type--stol-obedennyiy/material--massiv_duba;arsenkin_sem+keysso
дубовая кровать;Кровати;общий;;766;57;;;26;/catalog/korpusnaya-mebel/krovati/f/massiv--dub;arsenkin_sem+keysso
диван угловой велюровый;Диваны угловые;общий;;474;57;;;19;/catalog/myagkaya-mebel/divanyi-uglovyie/f/obivka--velyur;arsenkin_sem+keysso
ммц мебель беларусь официальный сайт;Белорусская мебель;коммерческий;;57;57;;;39;/;arsenkin_sem+keysso
стол в кабинет руководителя;Столы и стулья;общий;;368;57;;;19;/catalog/korpusnaya-mebel/stolyi/f/naznachenie--v_kabinet;arsenkin_sem+keysso
диван угловой модульный большой;Диваны угловые;общий;;306;56;272;;17;/catalog/myagkaya-mebel/divanyi-uglovyie/f/sistema_komplektatsii--modulnaya;arsenkin_sem+expand+keysso
стул из массива дерева купить;Столы и стулья;коммерческий;;569;56;;;20;/catalog/korpusnaya-mebel/stulya;arsenkin_sem+keysso
мебель для гостиной в современном стиле купить в москве;Гостиные и стенки;коммерческий;да;89;56;;;7;/catalog/korpusnaya-mebel/mebel-dlya-gostinoy/f/stil--sovremennyiy;arsenkin_sem+keysso
кровать челси;Кровати;общий;;982;56;;;25;/catalog/korpusnaya-mebel/krovati/krovat-1-09-chelsi-p3-587-1-05;arsenkin_sem+keysso
лючия мебель;Мебель общ.;общий;;465;56;;;38;/catalog/myagkaya-mebel/divanyi/uglovoy-divan-lyuchiya-6l-r-10-9018;arsenkin_sem+keysso
диван премиум класса купить;Диваны;коммерческий;;336;56;;;35;/catalog/myagkaya-mebel/divanyi-premium;arsenkin_sem+keysso
мебель 86;Мебель общ.;общий;;717;56;;;33;/;arsenkin_sem+keysso
диван магнат;Диваны;общий;;641;56;;;21;/catalog/myagkaya-mebel/divanyi/3-h-mestnyiy-divan-magnat-lyuks-3m;arsenkin_sem+keysso
угловой диван велюр;Диваны угловые;общий;;3868;56;;75;24;/catalog/myagkaya-mebel/divanyi-uglovyie/f/obivka--velyur;arsenkin_sem+keysso
банкетка стул;Столы и стулья;общий;;562;56;;;15;/catalog/korpusnaya-mebel/stulya/f/type--banketka;arsenkin_sem+keysso
диван купить онлайн с доставкой;Диваны;коммерческий;;134;56;;;35;/catalog/myagkaya-mebel/divanyi;arsenkin_sem+keysso
диван корфу;Диваны;общий;;496;56;;;6;/catalog/myagkaya-mebel/divanyi/uglovoy-divan-korfu-25l-r-6r-l;arsenkin_sem+keysso
диван тахта купить в москве;Тахты и кушетки;коммерческий;да;;55;377;;;;expand
купить письменный стол из массива;Столы и стулья;коммерческий;;581;55;;;35;/catalog/korpusnaya-mebel/stolyi/f/type--stol-pismennyiy;arsenkin_sem+keysso
диван кровать ричмонд;Диваны;общий;;179;55;;;41;/catalog/myagkaya-mebel/divanyi/3-h-mestnyiy-divan-richmond-3m;arsenkin_sem+keysso
тумба прикроватная деревянная;Кровати;общий;;261;55;;;37;/catalog/korpusnaya-mebel/tumbyi/f/type--tumba-prikrovatnaya;arsenkin_sem+keysso
тумба под тв под дерево;Комоды и тумбы;общий;;388;55;;;23;/catalog/korpusnaya-mebel/tumbyi/f/type--tumba-pod-televizor;arsenkin_sem+keysso
оливковый шкаф;Шкафы;общий;;1345;55;;51;12;/catalog/korpusnaya-mebel/shkafyi/f/colorsynonym--olivkovye;arsenkin_sem+keysso
дубовый стул;Столы и стулья;общий;;899;55;;;36;/catalog/korpusnaya-mebel/stulya;arsenkin_sem+keysso
стол из массива дуба купить;Столы и стулья;коммерческий;;280;55;;;16;/catalog/korpusnaya-mebel/stolyi/f/type--stol-obedennyiy/material--massiv_duba;arsenkin_sem+keysso
стулья классика;Столы и стулья;общий;;1738;55;;43;18;/catalog/korpusnaya-mebel/stulya/f/stil--klassika;arsenkin_sem+keysso
диван с выдвижными ящиками;Диваны;общий;;1173;55;;;24;/catalog/myagkaya-mebel/divanyi/f/s_yashhikom--est;arsenkin_sem+keysso
деко мебель;Мебель общ.;общий;;957;55;;;8;/catalog/korpusnaya-mebel/mebel-dlya-spalni/spalnya-deko;arsenkin_sem+keysso
тахта с ящиками;Тахты и кушетки;общий;;3370;54;4238;61;35;/catalog/myagkaya-mebel/tahtyi/f/s_yashhikom--est;arsenkin_sem+expand+keysso
кровать и кресло мем;Кресла;общий;;;54;1171;;;;expand
диван угловой раскладной в гостиную;Диваны угловые;общий;;;54;1035;;;;expand
мебельная фабрика старт;Фабрика/производитель;общий;;;54;445;;;;expand
мебель каретниковой каталог с ценами от производителя;Фабрика/производитель;коммерческий;;73;54;;;36;/;arsenkin_sem+keysso
выдвижной механизм для дивана;Диваны;общий;;267;54;;;30;/mehanizmyi-transformatsii;arsenkin_sem+keysso
мебельный дисконт москва;Мебель общ.;общий;да;152;54;;;33;/catalog/onlayn-rasprodaja;arsenkin_sem+keysso
купить комод для обуви в прихожую;Прихожие;коммерческий;;120;54;;;28;/catalog/korpusnaya-mebel/tumbyi/f/type--tumba-dlya-obuvi;arsenkin_sem+keysso
кожаный диван угловой раскладной;Диваны угловые;общий;;143;54;;;10;/catalog/myagkaya-mebel/divanyi-uglovyie/f/obivka--naturalnaya_koja;arsenkin_sem+keysso
диван угловой мягкий большой;Диваны угловые;общий;;176;54;;;29;/catalog/myagkaya-mebel/divanyi-uglovyie;arsenkin_sem+keysso
мебельные фирмы;Мебель общ.;общий;;5554;54;;49;21;/;arsenkin_sem+keysso
пружины для матраса;Матрасы;общий;;1801;54;;54;32;/blog/obzor-prujinnyih-blokov-dlya-matrasov;arsenkin_sem+keysso
диваны нальчик;Диваны;общий;;1534;54;;57;27;/catalog/myagkaya-mebel/divanyi;arsenkin_sem+keysso
мебельная фабрика официальный сайт;Фабрика/производитель;коммерческий;;80406;53;77296;48;28;/;arsenkin_sem+expand+keysso
мебельная фабрика светличных;Фабрика/производитель;общий;;;53;764;;;;expand
мягкая мебель из белоруссии;Белорусская мебель;общий;;198;53;197;;1;/catalog/myagkaya-mebel;arsenkin_sem+expand+keysso
диван угловой клик кляк;Диваны угловые;общий;;87;53;;;9;/catalog/myagkaya-mebel/divanyi-uglovyie/f/transformation--klik_kljak;arsenkin_sem+keysso
журнальный столик из массива;Столы и стулья;общий;;730;53;;;27;/catalog/korpusnaya-mebel/stolyi/f/type--stol-jurnalnyiy;arsenkin_sem+keysso
диван кровать раскладной двухместный;Диваны;общий;;178;53;;;23;/catalog/myagkaya-mebel/divanyi/f/type--2-h-mestnyiy-divan/po_nalichiyu_transformatsii--raskladnoy;arsenkin_sem+keysso
мебельная фабрика d1;Фабрика/производитель;общий;;78;53;;;37;/;arsenkin_sem+keysso
гостиная в серых тонах;Гостиные и стенки;общий;;1239;53;;47;10;/blog/dizayn-gostinoy-v-seryiy-tonah;arsenkin_sem+keysso
мебель беларусь официальный сайт;Белорусская мебель;коммерческий;;1231;53;;49;1;/;arsenkin_sem+keysso
купить шкаф бельевой;Шкафы;коммерческий;;615;53;;;25;/catalog/korpusnaya-mebel/shkafyi/f/naznachenie--dlya_belya;arsenkin_sem+keysso
тумба для книг;Комоды и тумбы;общий;;531;53;;;17;/catalog/korpusnaya-mebel/tumbyi/f/naznachenie--dlya_knig;arsenkin_sem+keysso
спальный гарнитур валенсия;Спальни;общий;;136;53;;;22;/catalog/korpusnaya-mebel/mebel-dlya-spalni/spalnya-valensiya-klassik--1;arsenkin_sem+keysso
стол письменный деревянный купить;Столы и стулья;коммерческий;;180;53;;;31;/catalog/korpusnaya-mebel/stolyi/f/type--stol-pismennyiy;arsenkin_sem+keysso
диван минимализм;Диваны;общий;;586;53;;;21;/catalog/myagkaya-mebel/divanyi/f/stil--minimalizm;arsenkin_sem+keysso
кухни милана официальный сайт;Кухни;коммерческий;;110;53;;;27;/catalog/kuhni/kuhni-pod-zakaz/kuhni-milana;arsenkin_sem+keysso
диван маленький кожаный;Диваны кожаные;общий;;229;53;;;17;/catalog/myagkaya-mebel/divanyi/f/material--naturalnaya_kozha;arsenkin_sem+keysso
диван угловой классический;Диваны угловые;общий;;351;53;;;17;/catalog/myagkaya-mebel/divanyi-uglovyie/f/stil--klassika;arsenkin_sem+keysso
бескаркасный угловой диван;Диваны угловые;общий;;;52;848;;;;expand
кресло кровать для ребенка;Кресла-кровати;общий;;;52;780;;;;expand
мебель беларуси армавир;Белорусская мебель;общий;;116;52;;;6;/catalog;arsenkin_sem+keysso
угловой диван купить в ставрополе;Диваны угловые;коммерческий;да;152;52;;;28;/catalog/myagkaya-mebel/divanyi-uglovyie;arsenkin_sem+keysso
диван кантри;Диваны;общий;;684;52;;;18;/catalog/myagkaya-mebel/divanyi/f/stil--kantri;arsenkin_sem+keysso
мебель директ официальный сайт;Мебель общ.;коммерческий;;77;52;;;33;/;arsenkin_sem+keysso
гостиная сканди;Гостиные и стенки;общий;;474;52;;;27;/catalog/korpusnaya-mebel/mebel-dlya-gostinoy/gostinaya-skandi;arsenkin_sem+keysso
дуб кассела коричневый кухня;Кухни;общий;;162;52;;;26;/catalog/kuhni;arsenkin_sem+keysso
диван 2х местный;Диваны;общий;;966;52;;;21;/catalog/myagkaya-mebel/divanyi/f/kolichestvo_sidyachih_mest--2;arsenkin_sem+keysso
диван прямой раскладной с ящиком для белья;Диваны;общий;;327;52;;;25;/catalog/myagkaya-mebel/divanyi-pryamyie/f/s_yashhikom--est;arsenkin_sem+keysso
мебель легко официальный сайт;Мебель общ.;коммерческий;;127;52;;;31;/;arsenkin_sem+keysso
кресло бергамо;Кресла;общий;;254;52;;;27;/catalog/myagkaya-mebel/kresla/kreslo-bergamo;arsenkin_sem+keysso
диван с двумя углами;Диваны;общий;;321;52;;;9;/catalog/myagkaya-mebel/divanyi-uglovyie/f/razmeschenie_ugla--s_dvumya_uglami;arsenkin_sem+keysso
письменный стол валенсия;Столы и стулья;общий;;115;52;;;35;/catalog/korpusnaya-mebel/stolyi/stol-pismennyiy-valensiya-klassik-p3-0589-2-04;arsenkin_sem+keysso
двухъярусная кровать из массива дерева;Кровати;общий;;;51;338;;;;expand
корпусная мебель для гостиной в современном стиле;Гостиные и стенки;общий;;106;51;;;20;/catalog/korpusnaya-mebel/mebel-dlya-gostinoy/f/stil--sovremennyiy;arsenkin_sem+keysso
диван аккордеон двухместный;Диваны;общий;;131;51;;;30;/catalog/myagkaya-mebel/divanyi/f/type--2-h-mestnyiy-divan/transformation--akkordeon;arsenkin_sem+keysso
мдф пластик для кухни;Кухни;общий;;835;51;;;29;/catalog/kuhni/kuhni-pod-zakaz/f/material--mdf_plastik;arsenkin_sem+keysso
мебель нортон официальный сайт каталог цены;Мебель общ.;коммерческий;;114;51;;;15;/catalog/korpusnaya-mebel/mebel-dlya-spalni/spalnya-norton--4;arsenkin_sem+keysso
тахта ирис;Тахты и кушетки;общий;;;50;875;;;;expand
стенка в гостиную в хоффе;Гостиные и стенки;общий;;;50;579;;;;expand
мебельная фабрика три бобра официальный сайт;Фабрика/производитель;коммерческий;;;50;412;;;;expand
асгард мебельная фабрика;Фабрика/производитель;общий;;;50;287;;;;expand
стулья для гостиной с мягким сиденьем и спинкой купить деревянные классика;Гостиные и стенки;коммерческий;;71;50;;;19;/catalog/korpusnaya-mebel/stulya/f/stil--klassika;arsenkin_sem+keysso
диван консул угловой;Диваны угловые;общий;;224;50;;;16;/catalog/myagkaya-mebel/divanyi/uglovoy-divan-konsul-23/naturalnayakojachereshnya120gruppa;arsenkin_sem+keysso
диван 1 5 спальный;Диваны;общий;;646;50;;;15;/catalog/myagkaya-mebel/divanyi/f/kolichestvo_spalnyih_mest--1_5_spalnoe;arsenkin_sem+keysso
какое расстояние должно быть между ламелями в кровати для матрасов;Кровати;общий;;57;50;;;13;/blog/osnovanie-dlya-krovati--delaem-pravilnyiy-vyibor;arsenkin_sem+keysso
спальня из дерева;Спальни;общий;;1284;50;;73;21;/catalog/korpusnaya-mebel/mebel-dlya-spalni/f/osnovnoymaterial--massivdrevesinyi;arsenkin_sem+keysso
стол письменный бежевый;Столы и стулья;общий;;373;50;;;32;/catalog/korpusnaya-mebel/stolyi/f/type--stol-pismennyiy/colorsynonym--bezhevye;arsenkin_sem+keysso
мебель азалия;Мебель общ.;общий;;479;50;;;32;/catalog/myagkaya-mebel/divanyi/tahta-azaliya-3m;arsenkin_sem+keysso
муромская мебельная фабрика;Фабрика/производитель;общий;;;49;1105;;;;expand
кровать тахта угловая;Диваны угловые;общий;;;49;1027;;;;expand
купить кожаный угловой диван;Диваны угловые;коммерческий;;;49;950;;;;expand
тахта двуспальная купить;Тахты и кушетки;коммерческий;;583;49;419;;29;/catalog/myagkaya-mebel/tahtyi/f/kolichestvo_spalnyih_mest--2_spalnoe;arsenkin_sem+expand+keysso
тумба верди;Комоды и тумбы;общий;;561;49;;;5;/catalog/mebel-pod-zakaz/kollektsiya-verdi-klassik;arsenkin_sem+keysso
цветы для спальни полезные комнатные;Спальни;общий;;87;49;;;18;/blog/5-poleznyih-rasteniy-dlya-spalni;arsenkin_sem+keysso
мебель верди купить в москве;Мебель общ.;коммерческий;да;51;49;;;11;/catalog/mebel-pod-zakaz/kollektsiya-verdi-klassik;arsenkin_sem+keysso
спальня в оливковом цвете;Спальни;общий;;488;49;;;5;/blog/dizayn-spalni-v-olivkovyih-tonah;arsenkin_sem+keysso
диван рогожка купить;Диваны;коммерческий;;1056;49;;;30;/catalog/myagkaya-mebel/divanyi/f/obivka--rogojka;arsenkin_sem+keysso
тумба прикроватная из массива;Кровати;общий;;544;49;;;34;/catalog/korpusnaya-mebel/tumbyi/f/type--tumba-prikrovatnaya;arsenkin_sem+keysso
диван купить в буденновске;Диваны;коммерческий;;156;49;;;27;/catalog/myagkaya-mebel/divanyi;arsenkin_sem+keysso
диван пружинный раскладной;Диваны;общий;;3419;49;;42;23;/catalog/myagkaya-mebel/divanyi/f/napolnenie--nezavisimyi_prujinnyi_blok;arsenkin_sem+keysso
диван без подушек раскладной;Диваны;общий;;369;49;;;38;/catalog/myagkaya-mebel/divanyi/f/podushki_v_komplekte--net;arsenkin_sem+keysso
прямой диван книжка;Диваны;общий;;1019;49;;;26;/catalog/myagkaya-mebel/divanyi-pryamyie/f/transformation-knizhka;arsenkin_sem+keysso
кровать односпальная купить ижевск;Кровати;коммерческий;да;141;49;;;35;/catalog/korpusnaya-mebel/krovati/f/type--odnospalnaya-krovat;arsenkin_sem+keysso
мебель для книг;Мебель общ.;общий;;1532;49;;48;29;/catalog/korpusnaya-mebel/shkafyi/f/type--shkaf-dlya-knig;arsenkin_sem+keysso
стул по белорусски;Столы и стулья;общий;;78;49;;;38;/;arsenkin_sem+keysso
муромская мебельная фабрика каталог и цены;Фабрика/производитель;коммерческий;;;48;388;;;;expand
купить угловой диван с оттоманкой;Диваны угловые;коммерческий;;305;48;307;;12;/catalog/myagkaya-mebel/divanyi-uglovyie/f/nalichie_ottomanki--est;arsenkin_sem+expand+keysso
тахта на кухню со спальным местом;Тахты и кушетки;общий;;81;48;115;;21;/catalog/myagkaya-mebel/tahtyi/f/naznachenie--na_kuhnyu;arsenkin_sem+expand+keysso
диван отто;Диваны;общий;;675;48;;;10;/catalog/myagkaya-mebel/divanyi/uglovoy-divan-otto-25mr-90-10-18ml;arsenkin_sem+keysso
стол дубовый письменный;Столы и стулья;общий;;142;48;;;24;/catalog/korpusnaya-mebel/stolyi/f/type--stol-pismennyiy/material--massiv_duba;arsenkin_sem+keysso
кредо мебель;Мебель общ.;общий;;390;48;;;20;/catalog/myagkaya-mebel/divanyi/3-h-mestnyiy-divan-kredo-3m;arsenkin_sem+keysso
диваны мытищи;Диваны;общий;;1619;48;;50;31;/catalog/myagkaya-mebel/divanyi;arsenkin_sem+keysso
поворотный диван;Диваны;общий;;902;48;;;11;/catalog/myagkaya-mebel/divanyi-uglovyie/f/transformation--povorotnyj;arsenkin_sem+keysso
пушистый диван;Диваны;общий;;579;48;;;39;/catalog/myagkaya-mebel/divanyi;arsenkin_sem+keysso
купить диван в курске недорого;Диваны;коммерческий;да;434;48;;;33;/catalog/myagkaya-mebel/divanyi;arsenkin_sem+keysso
luna мебель;Мебель общ.;общий;;202;48;;;26;/catalog/korpusnaya-mebel/mebel-dlya-detskoy/nabor-dlya-detskoy-luna;arsenkin_sem+keysso
классическая мягкая мебель для гостиной;Гостиные и стенки;общий;;198;48;;;7;/catalog/myagkaya-mebel/divanyi/f/stil--klassika;arsenkin_sem+keysso
диван мона;Диваны;общий;;2149;48;;58;20;/catalog/myagkaya-mebel/divanyi/3-h-mestnyiy-divan-mona-32;arsenkin_sem+keysso
мягкий угловой диван в гостиную;Диваны угловые;общий;;195;48;;;23;/catalog/myagkaya-mebel/divanyi-uglovyie;arsenkin_sem+keysso
soft мебель;Мебель общ.;общий;;985;48;;;42;/;arsenkin_sem+keysso
белорусские спальни;Спальни;общий;;1082;48;;;6;/catalog/korpusnaya-mebel/mebel-dlya-spalni;arsenkin_sem+keysso
кресло кровать орматек;Кресла-кровати;общий;;;47;317;;;;expand
мебель из дерева купить в москве;Мебель из массива;коммерческий;да;207;47;;;31;/catalog;arsenkin_sem+keysso
расстояние между ламелями кровати для матраса;Кровати;общий;;147;47;;;16;/blog/osnovanie-dlya-krovati--delaem-pravilnyiy-vyibor;arsenkin_sem+keysso
раскладка дивана дельфин;Диваны;общий;;236;47;;;18;/mehanizmyi-transformatsii;arsenkin_sem+keysso
что значит диван еврокнижка;Диваны;общий;;74;47;;;5;/blog/divan-evroknijka--plyusyi-i-minusyi;arsenkin_sem+keysso
диван баттерфляй;Диваны;общий;;193;47;;;3;/catalog/myagkaya-mebel/divanyi/uglovoy-divan-baterflyay;arsenkin_sem+keysso
диван из фанеры;Диваны;общий;;778;47;;;17;/catalog/myagkaya-mebel/divanyi/f/material_karkasa--fanera;arsenkin_sem+keysso
диван прямой раскладной книжка;Диваны;общий;;386;47;;;28;/catalog/myagkaya-mebel/divanyi-pryamyie/f/transformation-knizhka;arsenkin_sem+keysso
диван из шенилла;Диваны;общий;;321;47;;;11;/catalog/myagkaya-mebel/divanyi/f/obivka--shenill;arsenkin_sem+keysso
купить прихожую в смоленске;Прихожие;коммерческий;да;271;47;;;39;/catalog/korpusnaya-mebel/prihojie;arsenkin_sem+keysso
мебельные фабрики белоруссии каталоги с ценами;Белорусская мебель;общий;;125;47;;;2;/catalog/korpusnaya-mebel;arsenkin_sem+keysso
посмотреть кухонные гарнитуры;Кухни;общий;;516;47;;;12;/catalog/kuhni;arsenkin_sem+keysso
купить тахту кровать в москве;Тахты и кушетки;коммерческий;да;;46;867;;;;expand
мебель белоруссии официальный сайт каталог;Белорусская мебель;коммерческий;;678;46;610;;3;/;arsenkin_sem+expand+keysso
детская мебель из массива дерева;Детская;общий;;100;46;138;;23;/catalog/korpusnaya-mebel/mebel-dlya-detskoy;arsenkin_sem+expand+keysso
купить угловой диван в рассрочку;Диваны угловые;коммерческий;;304;46;128;;33;/catalog/myagkaya-mebel/divanyi-uglovyie;arsenkin_sem+expand+keysso
белорусская мебель тумба под тв;Комоды и тумбы;общий;;47;46;46;;5;/catalog/korpusnaya-mebel/tumbyi/f/type--tumba-pod-televizor;arsenkin_sem+expand+keysso
угловой диван с подлокотниками;Диваны угловые;общий;;1981;46;;38;32;/catalog/myagkaya-mebel/divanyi-uglovyie/f/podlokotniki--myagkie;arsenkin_sem+keysso
жаккард диван;Диваны;общий;;888;46;;;3;/catalog/myagkaya-mebel/divanyi/f/obivka--jakkard;arsenkin_sem+keysso
стул из массива дуба купить;Столы и стулья;коммерческий;;133;46;;;38;/catalog/korpusnaya-mebel/stulya;arsenkin_sem+keysso
кровать из мдф;Кровати;общий;;935;46;;;32;/catalog/korpusnaya-mebel/krovati/f/material--mdf;arsenkin_sem+keysso
кресло реклайнер орматек;Кресла реклайнеры;общий;;81;46;;;29;/catalog/myagkaya-mebel/kresla/f/type--kreslo-reklayner;arsenkin_sem+keysso
стул кантри;Столы и стулья;общий;;361;46;;;18;/catalog/korpusnaya-mebel/stulya/f/stil--kantri;arsenkin_sem+keysso
тафта диван;Диваны;общий;;152;46;;;17;/catalog/myagkaya-mebel/tahtyi;arsenkin_sem+keysso
угловой диванчик;Диваны угловые;общий;;1885;46;;45;24;/catalog/myagkaya-mebel/divanyi-uglovyie;arsenkin_sem+keysso
комод паола;Комоды и тумбы;общий;;426;46;;;28;/catalog/korpusnaya-mebel/tumbyi/komod-paola-bm-2161;arsenkin_sem+keysso
фасады из массива;Кухни;общий;;2387;46;;51;15;/catalog/kuhni/fasadyi-iz-massiva;arsenkin_sem+keysso
диван 2х местный раскладной;Диваны;общий;;124;46;;;24;/catalog/myagkaya-mebel/divanyi/f/type--2-h-mestnyiy-divan;arsenkin_sem+keysso
кресло в спальню для отдыха;Кресла;общий;;156;46;;;29;/catalog/myagkaya-mebel/kresla;arsenkin_sem+keysso
стол буквой п;Столы и стулья;общий;;1106;46;;;24;/catalog/korpusnaya-mebel/stolyi/stol-pismennyiy-orli-p3-590-2-03;arsenkin_sem+keysso
вест мебель каталог мебели с ценами;Мебель общ.;коммерческий;;115;46;;;36;/;arsenkin_sem+keysso
диван с креслами комплект в гостиную купить недорого;Кресла;коммерческий;;59;46;;;24;/catalog/myagkaya-mebel/naboryi-myagkoy-mebeli;arsenkin_sem+keysso
стол журнальный из массива дерева купить;Столы и стулья;коммерческий;;59;46;;;36;/catalog/korpusnaya-mebel/stolyi/f/type--stol-jurnalnyiy;arsenkin_sem+keysso
гостиная неоклассика;Гостиные и стенки;общий;;1197;45;;;9;/catalog/korpusnaya-mebel/mebel-dlya-gostinoy/f/stil--neoklassika;arsenkin_sem+keysso
диван милтон;Диваны;общий;;284;45;;;17;/catalog/myagkaya-mebel/divanyi/3-h-mestnyiy-divan-milton-3mt;arsenkin_sem+keysso
заказать диван с доставкой;Диваны;коммерческий;;620;45;;;39;/catalog/myagkaya-mebel/divanyi;arsenkin_sem+keysso
купить диван кушетку раскладную;Тахты и кушетки;коммерческий;;231;45;;;28;/catalog/myagkaya-mebel/kushetki-mini-divanyi;arsenkin_sem+keysso
диван еврокнижка что это такое;Диваны;общий;;46;45;;;8;/blog/divan-evroknijka--plyusyi-i-minusyi;arsenkin_sem+keysso
живые диваны мебельная фабрика;Диваны;общий;;71;45;;;42;/catalog/myagkaya-mebel;arsenkin_sem+keysso
диван со складными боковинами;Диваны;общий;;50;45;;;4;/catalog/myagkaya-mebel/divanyi-pryamyie/f/bokovinyi--syemnyie;arsenkin_sem+keysso
диван шенилл купить;Диваны;коммерческий;;278;45;;;27;/catalog/myagkaya-mebel/divanyi/f/obivka--shenill;arsenkin_sem+keysso
банкетка мягкая;Мягкая мебель общ.;общий;;1984;45;;48;30;/catalog/myagkaya-mebel/banketki;arsenkin_sem+keysso
дубовый шкаф;Шкафы;общий;;970;45;;;9;/catalog/korpusnaya-mebel/shkafyi/f/massiv--dub;arsenkin_sem+keysso
кухонный гарнитур в нальчике;Кухни;общий;;179;45;;;23;/catalog/kuhni;arsenkin_sem+keysso
зональный пружинный блок в матрасе что это;Матрасы;общий;;61;45;;;16;/blog/obzor-prujinnyih-blokov-dlya-matrasov;arsenkin_sem+keysso
тд андрей мебель официальный сайт;Мебель общ.;коммерческий;;138;45;;;36;/;arsenkin_sem+keysso
кухни каталог фото;Кухни;коммерческий;;7042;45;;33;14;/catalog/kuhni;arsenkin_sem+keysso
мягкая мебель для дома;Мягкая мебель общ.;общий;;1488;45;;32;16;/catalog/myagkaya-mebel/divanyi;arsenkin_sem+keysso
диван угловой двуспальный;Диваны угловые;общий;;1321;44;1341;25;29;/catalog/myagkaya-mebel/divanyi-uglovyie;arsenkin_sem+expand+keysso
спальня из массива;Спальни;общий;;820;44;881;;4;/catalog/korpusnaya-mebel/mebel-dlya-spalni/f/osnovnoymaterial--massivdrevesinyi;arsenkin_sem+expand+keysso
кожаный диван цена;Диваны кожаные;коммерческий;;708;44;595;;8;/catalog/myagkaya-mebel/divanyi/f/material--naturalnaya_kozha;arsenkin_sem+expand+keysso
мебель из белоруссии официальный сайт;Белорусская мебель;коммерческий;;514;44;512;;4;/;arsenkin_sem+expand+keysso
шкаф из массива дуба;Шкафы;общий;;248;44;403;;12;/catalog/korpusnaya-mebel/shkafyi/f/massiv--dub;arsenkin_sem+expand+keysso
мебельная фабрика ренессанс;Фабрика/производитель;общий;;;44;355;;;;expand
белорусская мебель армавир;Белорусская мебель;общий;;243;44;145;;10;/catalog/myagkaya-mebel;arsenkin_sem+expand+keysso
мебель из белоруссии в москве официальный сайт;Белорусская мебель;коммерческий;да;45;44;45;;3;/;arsenkin_sem+expand+keysso
купить книжный шкаф из массива дерева белоруссия;Шкафы;коммерческий;;44;44;44;;8;/catalog/korpusnaya-mebel/shkafyi/f/type--shkaf-dlya-knig;arsenkin_sem+expand+keysso
текс мебель пенза каталог с ценами;Мебель общ.;коммерческий;да;45;44;;;40;/;arsenkin_sem+keysso
полки мебельные;Мебель общ.;общий;;7069;44;;51;29;/catalog/korpusnaya-mebel/dekorativnyie-elementyi/f/type--polka;arsenkin_sem+keysso
белорусские комоды;Комоды и тумбы;общий;;822;44;;;4;/catalog/korpusnaya-mebel/tumbyi/f/type--komod;arsenkin_sem+keysso
шкаф для одежды зеленый;Шкафы;общий;;240;44;;;27;/catalog/korpusnaya-mebel/shkafyi/f/colorsynonym--zelenye;arsenkin_sem+keysso
купить диван в ступино;Диваны;коммерческий;;119;44;;;27;/catalog/myagkaya-mebel/divanyi;arsenkin_sem+keysso
диван мерлин;Диваны;общий;;277;44;;;17;/catalog/myagkaya-mebel/divanyi/uglovoy-divan-merlin-3ml-r-tav-8mr-l;arsenkin_sem+keysso
спальни и кровати интернет магазин от фабрики;Кровати;коммерческий;;48;44;;;40;/;arsenkin_sem+keysso
нераскладной диван кровать;Диваны;общий;;97;44;;;21;/catalog/myagkaya-mebel/divanyi/f/po_nalichiyu_transformatsii--ne_raskladnoy;arsenkin_sem+keysso
большое кожаное кресло;Диваны кожаные;общий;;244;44;;;25;/catalog/myagkaya-mebel/kresla/f/obivka--naturalnaya_koja;arsenkin_sem+keysso
21 век кухни готовые с ценами;Кухни;общий;;47;44;;;31;/catalog/kuhni;arsenkin_sem+keysso
диван кровать выкатной купить;Диваны;коммерческий;;377;44;;;23;/catalog/myagkaya-mebel/divanyi/f/transformation--vperjodvykatnoj;arsenkin_sem+keysso
купить мебель в чебоксарах;Мебель общ.;коммерческий;да;540;44;;;28;/catalog/myagkaya-mebel;arsenkin_sem+keysso
диван угловой еврокнижка купить;Диваны угловые;коммерческий;;182;44;;;24;/catalog/myagkaya-mebel/divanyi-uglovyie/f/transformation--evroknizhka;arsenkin_sem+keysso
полка деревянная настенная купить;Мебель из массива;коммерческий;;319;44;;;26;/catalog/korpusnaya-mebel/dekorativnyie-elementyi/f/type--polka;arsenkin_sem+keysso
стоимость кухонного гарнитура;Кухни;общий;;1149;44;;;38;/catalog/kuhni;arsenkin_sem+keysso
спальня белорусская мебель;Спальни;общий;;328;44;;;2;/catalog/korpusnaya-mebel/mebel-dlya-spalni;arsenkin_sem+keysso
угловой спальный диван;Диваны угловые;общий;;8798;43;11139;41;33;/catalog/myagkaya-mebel/divanyi-uglovyie;arsenkin_sem+expand+keysso
магазин белорусской мебели;Белорусская мебель;коммерческий;;2297;43;2067;39;5;/;arsenkin_sem+expand+keysso
мебель из массива сосны;Мебель из массива;общий;;;43;1204;;;;expand
комод из массива сосны;Комоды и тумбы;общий;;;43;664;;;;expand
мебельдрев;Мебель общ.;общий;;357;43;;;39;/;arsenkin_sem+keysso
кресло кожа;Диваны кожаные;общий;;15127;43;;27;22;/catalog/myagkaya-mebel/kresla/f/obivka--naturalnaya_koja;arsenkin_sem+keysso
фотка дивана;Диваны;общий;;1545;43;;26;37;/catalog/myagkaya-mebel/divanyi;arsenkin_sem+keysso
купить шкаф тиффани;Шкафы;коммерческий;;173;43;;;31;/catalog/korpusnaya-mebel/shkafyi/shkaf-dlya-odejdyi-3d-tiffani-2553-01-bm681;arsenkin_sem+keysso
кухонный гарнитур монтана;Кухни;общий;;349;43;;;30;/catalog/kuhni/kuhni-pod-zakaz/kuhnya-montana;arsenkin_sem+keysso
мебель беларуси изобильный;Белорусская мебель;общий;;88;43;;;26;/catalog;arsenkin_sem+keysso
диван с правым углом;Диваны;общий;;908;43;;;35;/catalog/myagkaya-mebel/divanyi-uglovyie/f/razmeschenie_ugla--pravoe;arsenkin_sem+keysso
диваны люберцы;Диваны;общий;;1231;43;;55;28;/catalog/myagkaya-mebel/divanyi;arsenkin_sem+keysso
розовая спальня;Спальни;общий;;2316;43;;44;6;/blog/dizayn-spalni-v-rozovyih-tonah;arsenkin_sem+keysso
диван из пены;Диваны;общий;;470;43;;;23;/catalog/myagkaya-mebel/divanyi/f/napolnenie--penopoliuretan_elastichnyiy;arsenkin_sem+keysso
угловой поворотный диван;Диваны угловые;общий;;183;43;;;17;/catalog/myagkaya-mebel/divanyi-uglovyie/f/transformation--povorotnyj;arsenkin_sem+keysso
тумба со стеклянными дверцами;Комоды и тумбы;общий;;303;43;;;18;/catalog/korpusnaya-mebel/tumbyi/f/komplektatsiya--so_steklom;arsenkin_sem+keysso
а и мебель каталог с ценами;Мебель общ.;коммерческий;;131;43;;;28;/;arsenkin_sem+keysso
мебель йорк;Мебель общ.;общий;;579;43;;;33;/catalog/myagkaya-mebel/divanyi/3-h-mestnyiy-divan-york;arsenkin_sem+keysso
мебель неоклассика;Мебель общ.;общий;;631;43;;;8;/catalog/korpusnaya-mebel/mebel-dlya-gostinoy/f/stil--neoklassika;arsenkin_sem+keysso
стол атлант;Столы и стулья;общий;;1037;43;;;4;/catalog/korpusnaya-mebel/stolyi/stol-atlant-r-p-191-01;arsenkin_sem+keysso
пинтерест кровать двуспальная;Кровати;общий;;178;43;;;29;/catalog/korpusnaya-mebel/krovati/f/kolichestvo_spalnyih_mest--2_spalnoe?page=3;arsenkin_sem+keysso
шкаф зеленый купить;Шкафы;коммерческий;;379;43;;;22;/catalog/korpusnaya-mebel/shkafyi/f/colorsynonym--zelenye;arsenkin_sem+keysso
тумба под телевизор из массива;Комоды и тумбы;общий;;324;43;;;38;/catalog/korpusnaya-mebel/tumbyi/f/type--tumba-pod-televizor?page=2;arsenkin_sem+keysso
комод под обувь;Комоды и тумбы;общий;;232;43;;;25;/catalog/korpusnaya-mebel/tumbyi/f/type--tumba-dlya-obuvi;keysso
диван кровать тулон;Диваны;общий;;140;43;;;28;/catalog/myagkaya-mebel/divanyi/3-h-mestnyiy-divan-tulon-3m;arsenkin_sem+keysso
фасады массив для кухни;Кухни;общий;;467;43;;;15;/catalog/kuhni/fasadyi-iz-massiva;arsenkin_sem+keysso
кск мебель;Мебель общ.;общий;;446;43;;;43;/;arsenkin_sem+keysso
диван четырехместный прямой;Диваны;общий;;108;43;;;38;/catalog/myagkaya-mebel/divanyi/f/type--4-h-mestnyiy-divan;arsenkin_sem+keysso
стол дубовый массив купить;Столы и стулья;коммерческий;;182;43;;;19;/catalog/korpusnaya-mebel/stolyi/f/type--stol-obedennyiy/material--massiv_duba;arsenkin_sem+keysso
ортопедическое кресло кровать;Кресла-кровати;общий;;;42;1145;;;;expand
глазовская мебельная фабрика;Фабрика/производитель;общий;;;42;1014;;;;expand
мебельград мебельная фабрика официальный сайт;Фабрика/производитель;коммерческий;;;42;975;;;;expand
тахта кушетка;Тахты и кушетки;общий;;;42;822;;;;expand
диван угловой 200 на 200;Диваны угловые;общий;;;42;684;;;;expand
кресло кровать акробат люкс;Кресла-кровати;общий;;;42;589;;;;expand
комод из массива дерева купить;Комоды и тумбы;коммерческий;;;42;562;;;;expand
кресло кровать с ортопедическим матрасом;Кресла-кровати;общий;;;42;508;;;;expand
кресло кровать моон;Кресла-кровати;общий;;;42;424;;;;expand
особика мебельная фабрика;Фабрика/производитель;общий;;;42;277;;;;expand
кожаное кресло реклайнер;Диваны кожаные;общий;;226;42;193;;28;/catalog/myagkaya-mebel/kresla/f/type--kreslo-reklayner/material--naturalnaya_kozha;arsenkin_sem+expand+keysso
белорусская мебель новочеркасск;Белорусская мебель;общий;;109;42;140;;15;/catalog/korpusnaya-mebel;arsenkin_sem+expand+keysso
кухонная группа стол и стулья;Кухни;общий;;231;42;;;26;/catalog/korpusnaya-mebel/obedennyie-gruppyi;arsenkin_sem+keysso
белорусские кровати двуспальные;Кровати;общий;;174;42;;;4;/catalog/korpusnaya-mebel/krovati/f/kolichestvo_spalnyih_mest--2_spalnoe;arsenkin_sem+keysso
диван с атаманкой трехмодульный;Диваны модульные;общий;;51;42;;;21;/catalog/myagkaya-mebel/divanyi/f/nalichie_ottomanki--est;arsenkin_sem+keysso
кровать белоруссия двуспальная;Кровати;общий;;163;42;;;3;/catalog/korpusnaya-mebel/krovati/f/kolichestvo_spalnyih_mest--2_spalnoe;arsenkin_sem+keysso
матрас 160х200 купить ами мебель;Матрасы;коммерческий;;77;42;;;24;/catalog/matrasyi/f/dlina_matrasa-ot-200/shirina_matrasa-ot-160-do-160;arsenkin_sem+keysso
стол прага;Столы и стулья;общий;;415;42;;;21;/catalog/korpusnaya-mebel/stolyi/stol-obedennyiy-praga-p8-984-4-01;arsenkin_sem+keysso
тумба прикроватная неоклассика;Кровати;общий;;95;42;;;9;/catalog/korpusnaya-mebel/tumbyi/f/stil--neoklassika;arsenkin_sem+keysso
шкаф белорусская мебель;Шкафы;общий;;443;42;;;9;/catalog/korpusnaya-mebel/shkafyi;arsenkin_sem+keysso
кровать классика;Кровати;общий;;2548;42;;51;26;/catalog/korpusnaya-mebel/krovati/f/stil--klassika;arsenkin_sem+keysso
стол круглый раздвижной из массива дерева;Столы и стулья;общий;;149;42;;;25;/catalog/korpusnaya-mebel/stolyi/f/forma--kruglaya;arsenkin_sem+keysso
прихожая монако;Прихожие;общий;;181;42;;;12;/catalog/korpusnaya-mebel/prihojie/prihojaya-monako--2;arsenkin_sem+keysso
диван с широким посадочным местом;Диваны;общий;;83;42;;;22;/catalog/myagkaya-mebel/divanyi/f/po_gabaritam--shirokie;arsenkin_sem+keysso
мебель монблан;Мебель общ.;общий;;173;42;;;17;/catalog/korpusnaya-mebel/mebel-dlya-gostinoy/gostinaya-monlban;arsenkin_sem+keysso
спальный диван в комнату;Диваны;общий;;492;42;;;25;/catalog/myagkaya-mebel/divanyi/f/naznachenie--v_spalnyu;arsenkin_sem+keysso
купить тахту в москве недорого;Тахты и кушетки;коммерческий;да;;41;1112;;;;expand
диван угловой садовый;Диваны угловые;общий;;;41;1094;;;;expand
диван амстердам угловой;Диваны угловые;общий;;;41;574;;;;expand
белорусская мебель буденновск;Белорусская мебель;общий;;140;41;142;;14;/catalog/myagkaya-mebel/divanyi;arsenkin_sem+expand+keysso
обеденные группы для кухни в современном стиле;Кухни;общий;;57;41;77;;37;/catalog/korpusnaya-mebel/obedennyie-gruppyi;arsenkin_sem+expand+keysso
какая мебель должна быть в гостиной;Гостиные и стенки;общий;;80;41;;;17;/blog/kak-vyibrat-mebel-dlya-gostinoy;arsenkin_sem+keysso
диваны уфа мягкая мебель;Диваны;общий;да;130;41;;;42;/catalog/myagkaya-mebel/divanyi;arsenkin_sem+keysso
белорусский диван угловой;Диваны угловые;общий;;402;41;;;1;/catalog/myagkaya-mebel/divanyi-uglovyie;arsenkin_sem+keysso
диван в стиле кантри;Диваны;общий;;185;41;;;15;/catalog/myagkaya-mebel/divanyi/f/stil--kantri;arsenkin_sem+keysso
стенка монако;Гостиные и стенки;общий;;313;41;;;38;/catalog/korpusnaya-mebel/mebel-dlya-gostinoy/gostinaya-monako;arsenkin_sem+keysso
мебель тумба;Комоды и тумбы;общий;;18039;41;;29;34;/catalog/korpusnaya-mebel/tumbyi;arsenkin_sem+keysso
мягкая мебель угловая;Диваны угловые;общий;;1162;41;;;21;/catalog/myagkaya-mebel/divanyi-uglovyie;arsenkin_sem+keysso
покажи диван;Диваны;общий;;9056;41;;48;34;/catalog/myagkaya-mebel/divanyi;arsenkin_sem+keysso
белорусские шкафы для одежды;Шкафы;общий;;259;41;;;6;/catalog/korpusnaya-mebel/shkafyi/f/naznachenie--dlya_odejdyi;arsenkin_sem+keysso
декоративные элементы для мебели;Мебель общ.;общий;;433;41;;;18;/catalog/korpusnaya-mebel/dekorativnyie-elementyi;arsenkin_sem+keysso
диван французская раскладушка купить;Диваны;коммерческий;;592;41;;;20;/catalog/myagkaya-mebel/divanyi/f/transformation--francuzskaja_raskladushka;arsenkin_sem+keysso
мебель официальный сайт каталог;Мебель общ.;коммерческий;;131156;41;;29;37;/;arsenkin_sem+keysso
кресло со съемными подушками;Кресла;общий;;105;41;;;37;/catalog/myagkaya-mebel/kresla/f/bokovinyi--syemnyie;arsenkin_sem+keysso
диван 2 спальный раскладной;Диваны;общий;;282;41;;;28;/catalog/myagkaya-mebel/divanyi/f/type--2-h-mestnyiy-divan;arsenkin_sem+keysso
диван г образный большой;Диваны;общий;;87;41;;;25;/catalog/myagkaya-mebel/divanyi-uglovyie;arsenkin_sem+keysso
кожаная кушетка;Диваны кожаные;общий;;180;41;;;20;/catalog/myagkaya-mebel/divanyi/f/material--naturalnaya_kozha;arsenkin_sem+keysso
диван 4 на 4;Диваны;общий;;4337;41;;28;27;/catalog/myagkaya-mebel/divanyi/f/kolichestvo_sidyachih_mest--4;arsenkin_sem+keysso
корпусная кровать;Кровати;общий;;746;41;;;27;/catalog/korpusnaya-mebel/krovati;arsenkin_sem+keysso
фабрика корпусной мебели;Фабрика/производитель;общий;;1385;41;;104;32;/;arsenkin_sem+keysso
большой диван с оттоманкой;Диваны;общий;;210;41;;;16;/catalog/myagkaya-mebel/divanyi/f/nalichie_ottomanki--est;arsenkin_sem+keysso
стол круглый дерево;Столы и стулья;общий;;3167;41;;31;21;/catalog/korpusnaya-mebel/stolyi/f/forma--kruglaya;arsenkin_sem+keysso
купить круглый стол из массива дерева;Столы и стулья;коммерческий;;251;41;;;30;/catalog/korpusnaya-mebel/stolyi/f/forma--kruglaya;arsenkin_sem+keysso
мебель лима;Мебель общ.;общий;;332;41;;;38;/catalog/korpusnaya-mebel/mebel-dlya-gostinoy/gostinaya-lima;arsenkin_sem+keysso
белорусская мебель каталог;Белорусская мебель;коммерческий;;3728;40;3393;44;9;/catalog/default/index;arsenkin_sem+expand+keysso
книжный шкаф из массива;Шкафы;общий;;;40;1053;;;;expand
стиль мебельная фабрика официальный сайт;Фабрика/производитель;коммерческий;;;40;889;;;;expand
белорусские диваны каталог;Диваны;коммерческий;;594;40;539;;3;/catalog/myagkaya-mebel/divanyi;arsenkin_sem+expand+keysso
белорусская мебель черкесск;Белорусская мебель;общий;;200;40;135;;12;/;arsenkin_sem+expand+keysso
белорусская мебельная фабрика официальный сайт;Белорусская мебель;коммерческий;;86;40;105;;1;/;arsenkin_sem+expand+keysso
тумба тиффани;Комоды и тумбы;общий;;525;40;;;32;/catalog/korpusnaya-mebel/tumbyi/tumba-prikrovatnaya-tiffani-bm-2422;arsenkin_sem+keysso
диван прямой нераскладной купить;Диваны;коммерческий;;142;40;;;37;/catalog/myagkaya-mebel/divanyi/f/po_nalichiyu_transformatsii--ne_raskladnoy;arsenkin_sem+keysso
мебель amadeus;Мебель общ.;общий;;54;40;;;18;/catalog/korpusnaya-mebel/mebel-dlya-kabineta/mebel-dlya-kabineta-amadey;arsenkin_sem+keysso
шкаф верди из массива;Шкафы;общий;;324;40;;;29;/catalog/mebel-pod-zakaz/kollektsiya-verdi-klassik;arsenkin_sem+keysso
диван наоми;Диваны;общий;;332;40;;;25;/catalog/myagkaya-mebel/divanyi/uglovoy-divan-naomi-2ml-r6mr-l;arsenkin_sem+keysso
тахта купить в воронеже;Тахты и кушетки;коммерческий;да;123;40;;;11;/catalog/myagkaya-mebel/tahtyi;arsenkin_sem+keysso
мебельраш официальный сайт мебельная фабрика;Фабрика/производитель;коммерческий;;42;40;;;37;/;arsenkin_sem+keysso
какой диван купить для ежедневного сна;Диваны;коммерческий;;318;40;;;29;/blog/kak-vyibrat-divan-dlya-ejednevnogo-sna;arsenkin_sem+keysso
диван 3 м;Диваны;общий;;1609;40;;26;21;/catalog/myagkaya-mebel/divanyi/3-h-mestnyiy-divan-mishel-3m;arsenkin_sem+keysso
диван из полиуретана;Диваны;общий;;247;40;;;8;/catalog/myagkaya-mebel/divanyi/f/napolnenie--penopoliuretan_elastichnyiy;arsenkin_sem+keysso
диван кровать с оттоманкой;Диваны;общий;;292;40;;;15;/catalog/myagkaya-mebel/divanyi/f/nalichie_ottomanki--est;arsenkin_sem+keysso
тринити мебель;Мебель общ.;общий;;145;40;;;7;/catalog/korpusnaya-mebel/mebel-dlya-spalni/spalnya-triniti;arsenkin_sem+keysso
диван с оттоманкой купить в москве;Диваны;коммерческий;да;75;40;;;17;/catalog/myagkaya-mebel/divanyi/f/nalichie_ottomanki--est;arsenkin_sem+keysso
раскладной механизм дельфин у дивана;Диваны;общий;;51;40;;;16;/mehanizmyi-transformatsii;arsenkin_sem+keysso
полка из массива дерева настенная;Мебель из массива;общий;;194;40;;;26;/catalog/korpusnaya-mebel/dekorativnyie-elementyi/f/type--polka;arsenkin_sem+keysso
прихожая классика;Прихожие;общий;;968;40;;;17;/catalog/korpusnaya-mebel/prihojie/f/stil--klassika;arsenkin_sem+keysso
мебель анрекс каталог с ценами беларусь официальный сайт;Белорусская мебель;коммерческий;;42;40;;;37;http://pinskdrev.ru/;arsenkin_sem
компактный угловой диван;Диваны угловые;общий;;;39;509;;;;expand
босс диван тахта;Тахты и кушетки;общий;;;39;456;;;;expand
мебель из дуба купить;Мебель из массива;коммерческий;;381;39;333;;12;/catalog;arsenkin_sem+expand+keysso
кресло кровать мун;Кресла-кровати;общий;;;39;293;;;;expand
матрас баланс;Матрасы;общий;;2541;39;;40;32;/catalog/matrasyi/matrats-balans;arsenkin_sem+keysso
шкаф модерн;Шкафы;общий;;1047;39;;;10;/catalog/korpusnaya-mebel/shkafyi/f/stil--modern;arsenkin_sem+keysso
полка из массива дерева;Мебель из массива;общий;;687;39;;;22;/catalog/korpusnaya-mebel/dekorativnyie-elementyi/f/type--polka;arsenkin_sem+keysso
прихожая минимализм;Прихожие;общий;;411;39;;;22;/catalog/korpusnaya-mebel/prihojie/f/stil--minimalizm;arsenkin_sem+keysso
диван 3м;Диваны;общий;;1397;39;;35;23;/catalog/myagkaya-mebel/divanyi/3-h-mestnyiy-divan-mishel-3m;arsenkin_sem+keysso
диван релакс раскладной;Диваны;общий;;155;39;;;40;/catalog/myagkaya-mebel/divanyi/f/transformation--relax;arsenkin_sem+keysso
ооо фабрика мебели;Фабрика/производитель;общий;;933;39;;;40;/;arsenkin_sem+keysso
мебель белорусская иноземцево;Белорусская мебель;общий;;61;39;;;12;/;arsenkin_sem+keysso
гротеск мебель официальный сайт;Мебель общ.;коммерческий;;52;39;;;39;/;arsenkin_sem+keysso
кухня деревянная классическая;Кухни;общий;;197;39;;;14;/catalog/kuhni/kuhni-pod-zakaz/f/stil--klassika;arsenkin_sem+keysso
мебель в гостинную дерево современный стиль светлая;Гостиные и стенки;общий;;43;39;;;15;/catalog/korpusnaya-mebel/mebel-dlya-gostinoy/f/stil--sovremennyiy;arsenkin_sem+keysso
мебельный рынок;Мебель общ.;общий;;3572;39;;40;37;/;arsenkin_sem+keysso
белорусские стулья;Столы и стулья;общий;;813;39;;;7;/catalog/korpusnaya-mebel/stulya;arsenkin_sem+keysso
диванчик кожаный;Диваны кожаные;общий;;707;39;;;9;/catalog/myagkaya-mebel/divanyi/f/material--naturalnaya_kozha;arsenkin_sem+keysso
кресло белое мягкое;Кресла;общий;;601;39;;;25;/catalog/myagkaya-mebel/kresla/f/material--naturalnaya_kozha/tsvet--belyiy-ili-molochnyiy;arsenkin_sem+keysso
мягкая мебель комплект диван и 2 кресла;Кресла;общий;;315;39;;;26;/catalog/myagkaya-mebel/naboryi-myagkoy-mebeli;arsenkin_sem+keysso
мебель на ф;Мебель общ.;общий;;157;39;;;21;/;arsenkin_sem+keysso
кресло кровать от производителя;Кресла-кровати;коммерческий;;2109;38;1999;32;26;/catalog/myagkaya-mebel/kresla/f/type--kreslo-krovat;arsenkin_sem+expand+keysso
кровать тахта двуспальная;Тахты и кушетки;общий;;;38;881;;;;expand
мебельные фабрики белоруссии;Белорусская мебель;общий;;488;38;409;;5;/;arsenkin_sem+expand+keysso
киров диваны от производителя купить;Диваны;коммерческий;да;419;38;409;;43;/catalog/myagkaya-mebel/divanyi;arsenkin_sem+expand+keysso
мебельная фабрика дик;Фабрика/производитель;общий;;;38;346;;;;expand
кресло кровать локо;Кресла-кровати;общий;;161;38;154;;24;/catalog/myagkaya-mebel/divanyi/kreslo-krovat-loki-1m---spetspredlojenie;arsenkin_sem+expand+keysso
диван угловой на ножках купить;Диваны угловые;коммерческий;;280;38;;;25;/catalog/myagkaya-mebel/divanyi-uglovyie/f/material_nojek--metall;arsenkin_sem+keysso
белорусские кухонные столы;Кухни;общий;;144;38;;;6;/catalog/korpusnaya-mebel/stolyi/f/type--stol-obedennyiy;arsenkin_sem+keysso
спальня в сером цвете;Спальни;общий;;2150;38;;20;14;/blog/dizayn-spalni-v-serom-stile;arsenkin_sem+keysso
купить тумбу для белья;Комоды и тумбы;коммерческий;;530;38;;;28;/catalog/korpusnaya-mebel/tumbyi;arsenkin_sem+keysso
кровать с подъемным механизмом или без что лучше;Кровати;общий;;59;38;;;40;/blog/kak-vyibrat-krovat-s-pody-mnyim-mehanizmom;arsenkin_sem+keysso
книжная тумба;Комоды и тумбы;общий;;367;38;;;10;/catalog/korpusnaya-mebel/tumbyi/f/naznachenie--dlya_knig;arsenkin_sem+keysso
комбинированный шкаф для одежды и книг;Шкафы;общий;;120;38;;;22;/catalog/korpusnaya-mebel/shkafyi/f/type--shkaf-kombinirovannyiy;arsenkin_sem+keysso
кресло в гостиную купить в москве;Кресла;коммерческий;да;452;38;;;30;/catalog/myagkaya-mebel/kresla/f/naznachenie--v_gostinuyu;arsenkin_sem+keysso
мебель белый воск официальный сайт каталог с ценами;Мебель общ.;коммерческий;;38;38;;;26;/catalog;arsenkin_sem+keysso
мини диван нераскладной;Диваны;общий;;135;38;;;25;/catalog/myagkaya-mebel/divanyi/f/po_nalichiyu_transformatsii--ne_raskladnoy;arsenkin_sem+keysso
кожаный диван кровать купить;Диваны кожаные;коммерческий;;110;38;;;12;/catalog/myagkaya-mebel/divanyi/f/material--naturalnaya_kozha;arsenkin_sem+keysso
кухни переславль залесский;Кухни;общий;;244;38;;;23;/catalog/kuhni;arsenkin_sem+keysso
независимый пружинный блок pocket spring;Матрасы;общий;;138;38;;;8;/blog/obzor-prujinnyih-blokov-dlya-matrasov;arsenkin_sem+keysso
классическое кресло купить;Кресла;коммерческий;;268;38;;;26;/catalog/myagkaya-mebel/kresla/f/stil--klassika;arsenkin_sem+keysso
мебель 365 официальный сайт;Мебель общ.;коммерческий;;47;38;;;39;/;arsenkin_sem+keysso
кресло мягкое кожаное;Диваны кожаные;общий;;438;38;;;8;/catalog/myagkaya-mebel/kresla/f/obivka--naturalnaya_koja;arsenkin_sem+keysso
механизм трансформации дивана аккордеон;Диваны;общий;;157;38;;;25;/mehanizmyi-transformatsii;arsenkin_sem+keysso
мини диванчик в прихожую;Диваны;общий;;84;38;;;34;/catalog/myagkaya-mebel/divanyi/f/naznachenie--v_prihojuyu;arsenkin_sem+keysso
диван книжка большой;Диваны;общий;;188;38;;;20;/catalog/myagkaya-mebel/divanyi/f/transformation--knizhka;arsenkin_sem+keysso
диваны раскладные вперед 2 х местные;Диваны;общий;;58;38;;;17;/catalog/myagkaya-mebel/divanyi/f/type--2-h-mestnyiy-divan;arsenkin_sem+keysso
тумба под робот пылесос;Комоды и тумбы;общий;;88;38;;;42;/blog/divanyi-na-vyisokih-nojkah--nahodka-dlya-vladeltsev-robota-pyilesosa;arsenkin_sem+keysso
тумба под цветы напольная;Комоды и тумбы;общий;;106;38;;;29;/catalog/korpusnaya-mebel/dekorativnyie-elementyi/f/type--podstavka-dekorativnaya;arsenkin_sem+keysso
мануфактура дерева официальный сайт;Мебель из массива;коммерческий;;86;38;;;44;/;arsenkin_sem+keysso
комод тиффани купить;Комоды и тумбы;коммерческий;;101;38;;;36;/catalog/korpusnaya-mebel/tumbyi/komod-tiffani-bm-2421;arsenkin_sem+keysso
дубовая кровать двуспальная;Кровати;общий;;90;38;;;33;/catalog/korpusnaya-mebel/krovati/f/type--dvuspalnaya-krovat/material--massiv_duba;arsenkin_sem+keysso
киржачская мебельная фабрика;Фабрика/производитель;общий;;;37;396;;;;expand
ульяновская мебельная фабрика официальный сайт каталог цены;Фабрика/производитель;коммерческий;да;;37;369;;;;expand
белорусская мебель монако;Белорусская мебель;общий;;65;37;91;;4;/catalog/korpusnaya-mebel/mebel-dlya-spalni/spalnya-monako;arsenkin_sem+expand+keysso
купить мебель из натурального дерева;Мебель из массива;коммерческий;;296;37;;;27;/catalog;arsenkin_sem+keysso
диван эрик;Диваны;общий;;852;37;;;40;/catalog/myagkaya-mebel/divanyi/uglovoy-divan-erika-1-20ml-r6r-l;arsenkin_sem+keysso
мебель беларуси ставрополь;Белорусская мебель;общий;да;73;37;;;16;/catalog/myagkaya-mebel;arsenkin_sem+keysso
белкухни бай;Кухни;общий;;44;37;;;12;/catalog/kuhni;arsenkin_sem+keysso
шкаф из мдф купить;Шкафы;коммерческий;;355;37;;;27;/catalog/korpusnaya-mebel/shkafyi/f/material--mdf;arsenkin_sem+keysso
белорусские товары в москве интернет магазин;Белорусская мебель;коммерческий;да;38;37;;;33;/;arsenkin_sem+keysso
диван кровать с пружинным блоком;Диваны;общий;;993;37;;;22;/catalog/myagkaya-mebel/divanyi/f/napolnenie--nezavisimyi_prujinnyi_blok;arsenkin_sem+keysso
кровать баунти;Кровати;общий;;158;37;;;8;/catalog/korpusnaya-mebel/krovati/krovat-dvoynaya-baunti-16-bez-mehanizma-pody-ma;arsenkin_sem+keysso
диван с французской раскладушкой и ортопедическим матрасом;Диваны;общий;;74;37;;;30;/catalog/myagkaya-mebel/divanyi/f/transformation--francuzskaja_raskladushka;arsenkin_sem+keysso
диван книжка купить в кирове;Диваны;коммерческий;да;59;37;;;34;/catalog/myagkaya-mebel/divanyi/f/transformation--knizhka;arsenkin_sem+keysso
диван молодежный раскладной;Диваны;общий;;89;37;;;23;/catalog/myagkaya-mebel/divanyi/f/stil--molodjnyiy;arsenkin_sem+keysso
сэндвич мебель официальный сайт;Мебель общ.;коммерческий;;46;37;;;34;/;arsenkin_sem+keysso
фокс мебель;Мебель общ.;общий;;267;37;;;18;/catalog/myagkaya-mebel/naboryi-myagkoy-mebeli/nabor-mebeli-foks;arsenkin_sem+keysso
мебель никс;Мебель общ.;общий;;157;37;;;15;/catalog/myagkaya-mebel/divanyi/3-h-mestnyiy-divan-niks-3m---tolko-onlayn;arsenkin_sem+keysso
фабричные диваны;Диваны;общий;;514;37;;;20;/catalog/myagkaya-mebel/divanyi;arsenkin_sem+keysso
спальня в современном стиле в серых тонах;Спальни;общий;;197;37;;;13;/blog/dizayn-spalni-v-serom-stile;arsenkin_sem+keysso
диван кровать отто;Диваны;общий;;229;37;;;34;/catalog/myagkaya-mebel/divanyi/uglovoy-divan-otto-25mr-90-10-18ml;arsenkin_sem+keysso
кровать с высоким изножьем;Кровати;общий;;171;37;;;10;/catalog/korpusnaya-mebel/krovat-odinarnaya-verdi-klassik-s-vyisokim-iznojem/massivdubdubrustikal2000x800mm;arsenkin_sem+keysso
диван 3 местный;Диваны;общий;;4361;37;;38;16;/catalog/myagkaya-mebel/divanyi/f/type--3-h-mestnyiy-divan;arsenkin_sem+keysso
угловой диван в спальню;Диваны угловые;общий;;296;36;292;;25;/catalog/myagkaya-mebel/divanyi-uglovyie;arsenkin_sem+expand+keysso
фасады из массива дерева для кухни купить;Кухни;коммерческий;;72;36;94;;19;/catalog/kuhni/fasadyi-iz-massiva;arsenkin_sem+expand+keysso
белорусская мебель верди;Белорусская мебель;общий;;91;36;77;;2;/catalog/mebel-pod-zakaz/kollektsiya-verdi-klassik;arsenkin_sem+expand+keysso
кровать ванесса;Кровати;общий;;686;36;;;9;/catalog/korpusnaya-mebel/krovati/krovat-odinarnaya-vanessa;arsenkin_sem+keysso
диван тик так купить;Диваны;коммерческий;;674;36;;;15;/catalog/myagkaya-mebel/divanyi-pryamyie/f/transformation--tik_tak;arsenkin_sem+keysso
атаманка мебель;Мебель общ.;общий;;222;36;;;12;/catalog/myagkaya-mebel/divanyi/f/nalichie_ottomanki--est;arsenkin_sem+keysso
милана мебель официальный сайт;Мебель общ.;коммерческий;;198;36;;;16;/catalog/mebel-pod-zakaz/kollektsiya-milana;arsenkin_sem+keysso
спички белорусские купить;Белорусская мебель;коммерческий;;66;36;;;12;/spichki--derevoobrabotka/kupit-spichki-optom-ot-proizvoditelya-pinskdrev;arsenkin_sem+keysso
купить диван в одинцово;Диваны;коммерческий;да;344;36;;;26;/catalog/myagkaya-mebel/divanyi;arsenkin_sem+keysso
диван с левым углом;Диваны;общий;;967;36;;;18;/catalog/myagkaya-mebel/divanyi-uglovyie/f/razmeschenie_ugla--levoe;arsenkin_sem+keysso
круглый обеденный стол из массива дерева;Столы и стулья;общий;;204;36;;;24;/catalog/korpusnaya-mebel/stolyi/f/forma--kruglaya;arsenkin_sem+keysso
купить диван раскладной вперед двухместный;Диваны;коммерческий;;47;36;;;23;/catalog/myagkaya-mebel/divanyi/f/type--2-h-mestnyiy-divan/po_nalichiyu_transformatsii--raskladnoy;arsenkin_sem+keysso
диванный механизм;Диваны;общий;;610;36;;;25;/mehanizmyi-transformatsii;arsenkin_sem+keysso
гостиная в стиле неоклассика;Гостиные и стенки;общий;;260;36;;;20;/blog/podborka-gostinyih-v-stile-neoklassika;arsenkin_sem+keysso
диван цезарь прямой;Диваны;общий;;67;36;;;33;/catalog/myagkaya-mebel/divanyi/3-h-mestnyiy-divan-tsezar;arsenkin_sem+keysso
диваны прямые раскладные современные;Диваны;общий;;260;36;;;26;/catalog/myagkaya-mebel/divanyi-pryamyie/f/po_nalichiyu_transformatsii--raskladnoy;arsenkin_sem+keysso
срп мебель официальный сайт санкт петербург;Мебель общ.;коммерческий;да;36;36;;;39;/;arsenkin_sem+keysso
мебель белорусская официальный сайт каталог;Белорусская мебель;коммерческий;;1070;36;;;2;/catalog;arsenkin_sem+keysso
мелисса диваны мебельная фабрика;Диваны;общий;;42;36;;;10;/catalog/myagkaya-mebel/divanyi/3-h-mestnyiy-divan-melissa;arsenkin_sem+keysso
табурет низкий деревянный;Столы и стулья;общий;;148;36;;;37;/catalog/korpusnaya-mebel/stulya/f/type--taburet;arsenkin_sem+keysso
диван белоруссия официальный сайт;Диваны;коммерческий;;201;36;;;1;/catalog/myagkaya-mebel;arsenkin_sem+keysso
диван оранжевый угловой;Диваны угловые;общий;;204;36;;;28;/catalog/myagkaya-mebel/divanyi-uglovyie/f/tsvet--oranjevyiy;arsenkin_sem+keysso
большой угловой диван для гостиной со спальным местом;Диваны угловые;общий;;144;36;;;27;/catalog/myagkaya-mebel/divanyi-uglovyie;arsenkin_sem+keysso
где можно купить кухонный гарнитур;Кухни;коммерческий;;1895;36;;32;27;/catalog/kuhni;arsenkin_sem+keysso
диван без спинки 5 букв;Диваны;общий;;120;36;;;41;/catalog/myagkaya-mebel/divanyi;arsenkin_sem+keysso
гостиная классика;Гостиные и стенки;общий;;4174;36;;32;19;/catalog/korpusnaya-mebel/mebel-dlya-gostinoy/f/stil--klassika;arsenkin_sem+keysso
тик так механизм трансформации дивана;Диваны;общий;;93;36;;;25;/mehanizmyi-transformatsii;arsenkin_sem+keysso
диваны 1.5 спальные раскладные;Диваны;общий;;250;36;;;19;/catalog/myagkaya-mebel/divanyi/f/kolichestvo_spalnyih_mest--1_5_spalnoe;arsenkin_sem+keysso
тахта купить в нижнем новгороде недорого;Тахты и кушетки;коммерческий;да;76;36;;;35;/catalog/myagkaya-mebel/tahtyi;arsenkin_sem+keysso
мебель из массива дуба;Мебель из массива;общий;;;35;913;;;;expand
кресло кровать раскладное аккордеон;Кресла-кровати;общий;;;35;469;;;;expand
девочки он выебал мою тахту;Тахты и кушетки;общий;;;35;352;;;;expand
кухня неоклассика белая;Кухни;общий;;221;35;;;13;/catalog/kuhni/kuhni-pod-zakaz/f/stil--neoklassika;arsenkin_sem+keysso
стулья деревянные для гостиной;Гостиные и стенки;общий;;395;35;;;26;/catalog/korpusnaya-mebel/stulya/f/naznachenie--v_gostinuyu;arsenkin_sem+keysso
куфар кровать;Кровати;общий;;1960;35;;0;20;/catalog/korpusnaya-mebel/krovati;arsenkin_sem+keysso
купить шкаф для белья;Шкафы;коммерческий;;2302;35;;19;20;/catalog/korpusnaya-mebel/shkafyi/f/naznachenie--dlya_belya;arsenkin_sem+keysso
диван с ящиками;Диваны;общий;;24261;35;;53;27;/catalog/myagkaya-mebel/divanyi/f/s_yashhikom--est;arsenkin_sem+keysso
мона мебель;Мебель общ.;общий;;845;35;;;19;/catalog/myagkaya-mebel/naboryi-myagkoy-mebeli/nabor-mebeli-mona;arsenkin_sem+keysso
какое основание для кровати лучше;Кровати;общий;;352;35;;;29;/blog/osnovanie-dlya-krovati--delaem-pravilnyiy-vyibor;arsenkin_sem+keysso
купить диван в истре;Диваны;коммерческий;;227;35;;;31;/catalog/myagkaya-mebel/divanyi;arsenkin_sem+keysso
гарнитур в спальню в современном стиле;Спальни;общий;;51;35;;;25;/catalog/korpusnaya-mebel/mebel-dlya-spalni/f/stil--sovremennyiy;arsenkin_sem+keysso
мебельная корпорация;Мебель общ.;общий;;257;35;;;35;/;arsenkin_sem+keysso
купить диван в классическом стиле;Диваны;коммерческий;;275;35;;;8;/catalog/myagkaya-mebel/divanyi/f/stil--klassika;arsenkin_sem+keysso
журнальный стол круглый деревянный;Столы и стулья;общий;;92;35;;;27;/catalog/korpusnaya-mebel/stolyi/f/forma--kruglaya;arsenkin_sem+keysso
viva мебель;Мебель общ.;общий;;174;35;;;18;/catalog/myagkaya-mebel/divanyi/uglovoy-divan-viva-2ml-r8mr-l;arsenkin_sem+keysso
диван из флока купить;Диваны;коммерческий;;100;35;;;10;/catalog/myagkaya-mebel/divanyi/f/obivka--flok;arsenkin_sem+keysso
расстояние между варочной панелью и духовым шкафом;Шкафы;общий;;113;35;;;22;/uhod-i-ekspluatatsiya/kuhni--uhod-i-ekspluatatsiya--poleznyie-sovetyi/rekomendatsii-po-proektirovaniyu-kuhni;arsenkin_sem+keysso
стулья из дерева купить;Столы и стулья;коммерческий;;1583;35;;39;25;/catalog/korpusnaya-mebel/stulya;arsenkin_sem+keysso
тахта великий новгород купить;Тахты и кушетки;коммерческий;да;153;35;;;28;/catalog/myagkaya-mebel/tahtyi;arsenkin_sem+keysso
ткань ультра арбен мебельная;Мебель общ.;общий;;48;35;;;19;/fabrics/velyur-ultra;arsenkin_sem+keysso
лацио мебель;Мебель общ.;общий;;306;35;;;17;/catalog/korpusnaya-mebel/mebel-dlya-gostinoy/gostinaya-latsio--1;arsenkin_sem+keysso
системы раскладывания диванов;Диваны;общий;;210;35;;;17;/mehanizmyi-transformatsii;arsenkin_sem+keysso
угловой диван дельфин со спальным местом;Диваны угловые;общий;;74;35;;;19;/catalog/myagkaya-mebel/divanyi-uglovyie/f/transformation--delfin;arsenkin_sem+keysso
подставка под цветы деревянная напольная;Мебель из массива;общий;;144;35;;;16;/catalog/korpusnaya-mebel/dekorativnyie-elementyi/f/type--podstavka-dekorativnaya;arsenkin_sem+keysso
прикроватный шкаф для спальни;Кровати;общий;;184;35;;;28;/catalog/korpusnaya-mebel/shkafyi/f/type--tumba-prikrovatnaya;arsenkin_sem+keysso
диван классика в гостиную;Диваны;общий;;196;35;;;10;/catalog/myagkaya-mebel/divanyi/f/stil--klassika;arsenkin_sem+keysso
диваны в истре;Диваны;общий;;362;35;;;37;/catalog/myagkaya-mebel/divanyi?page=2;arsenkin_sem+keysso
угловой диван с независимым пружинным блоком купить;Диваны угловые;коммерческий;;116;34;137;;19;/catalog/myagkaya-mebel/divanyi-uglovyie/f/napolnenie--nezavisimyi_prujinnyi_blok;arsenkin_sem+expand+keysso
мебель из массива бука;Мебель из массива;общий;;131;34;126;;15;/catalog/korpusnaya-mebel/stulya/f/materializgotovleniya--massivbuka;arsenkin_sem+expand+keysso
мебель из дуба беларусь;Мебель из массива;общий;;131;34;114;;4;/catalog/korpusnaya-mebel/f/materializgotovleniya--massivduba;arsenkin_sem+expand+keysso
каретникова мебель каталог товаров;Мебель общ.;коммерческий;;34;34;;;46;/;arsenkin_sem+keysso
мск мебель официальный сайт каталог цены;Мебель общ.;коммерческий;да;34;34;;;39;/;arsenkin_sem+keysso
мебель брандо;Мебель общ.;общий;;102;34;;;27;/catalog/korpusnaya-mebel/tumbyi/tumba-brando-30-m2218-01;arsenkin_sem+keysso
шкаф на высоких ножках;Шкафы;общий;;220;34;;;33;/catalog/korpusnaya-mebel/shkafyi/f/komplektatsiya--snojkami;arsenkin_sem+keysso
магазин на диване в беларуси;Диваны;коммерческий;;68;34;;;28;/catalog/myagkaya-mebel/divanyi;arsenkin_sem+keysso
посмотреть кухни;Кухни;общий;;7859;34;;29;11;/catalog/kuhni;arsenkin_sem+keysso
купить угловой диван на кухню в ами мебель;Диваны угловые;коммерческий;;48;34;;;28;/catalog/myagkaya-mebel/divanyi-uglovyie;arsenkin_sem+keysso
диван азалия;Диваны;общий;;182;34;;;8;/catalog/myagkaya-mebel/divanyi/tahta-azaliya-3m;arsenkin_sem+keysso
пружинный блок зависимый и независимый в чем разница;Матрасы;общий;;76;34;;;26;/blog/obzor-prujinnyih-blokov-dlya-matrasov;arsenkin_sem+keysso
мебель диваны москва;Диваны;общий;да;1470;34;;32;27;/catalog/myagkaya-mebel/divanyi;arsenkin_sem+keysso
красивая мебель для гостиной в современном стиле;Гостиные и стенки;общий;;61;34;;;24;/catalog/korpusnaya-mebel/mebel-dlya-gostinoy/f/stil--sovremennyiy;arsenkin_sem+keysso
посудный шкаф в гостиную;Гостиные и стенки;общий;;137;34;;;38;/catalog/korpusnaya-mebel/shkafyi/f/type--shkaf-s-vitrinoy;arsenkin_sem+keysso
тумба под тв в гостиную;Гостиные и стенки;общий;;763;34;;;26;/catalog/korpusnaya-mebel/tumbyi/f/type--tumba-pod-televizor;arsenkin_sem+keysso
кресло мебельное;Кресла;общий;;5280;34;;38;15;/catalog/myagkaya-mebel/kresla;arsenkin_sem+keysso
купить кожаную мебель;Диваны кожаные;коммерческий;;842;34;;;5;/catalog/myagkaya-mebel/divanyi/f/material--naturalnaya_kozha;arsenkin_sem+keysso
чепецкая мебельная фабрика официальный сайт;Фабрика/производитель;коммерческий;;47;34;;;44;/;arsenkin_sem+keysso
софа угловая;Диваны угловые;общий;;433;34;;;28;/catalog/myagkaya-mebel/divanyi-uglovyie;arsenkin_sem+keysso
кровать из дуба купить;Кровати;коммерческий;;373;34;;;22;/catalog/korpusnaya-mebel/krovati/f/massiv--dub;arsenkin_sem+keysso
диван прямой кожаный;Диваны кожаные;общий;;410;34;;;28;/catalog/myagkaya-mebel/divanyi/f/material--naturalnaya_kozha;arsenkin_sem+keysso
мягкая мебель в курске каталог и цены;Мягкая мебель общ.;коммерческий;да;52;34;;;42;/catalog/myagkaya-mebel/divanyi;arsenkin_sem+keysso
угловой диван для кухни со спальным местом;Диваны угловые;общий;;;33;710;;;;expand
манхэттен диван угловой;Диваны угловые;общий;;;33;552;;;;expand
купить кресло кровать аккордеон;Кресла-кровати;коммерческий;;;33;483;;;;expand
тахта 140х200 с подъемным механизмом;Тахты и кушетки;общий;;;33;469;;;;expand
маленький угловой диван на кухню;Диваны угловые;общий;;;33;445;;;;expand
мебель из массива москва;Мебель из массива;общий;да;422;33;418;;23;/catalog;arsenkin_sem+expand+keysso
диван угловой оливковый;Диваны угловые;общий;;;33;390;;;;expand
эльфола мебельная фабрика;Фабрика/производитель;общий;;;33;376;;;;expand
тахта купить в челябинске;Тахты и кушетки;коммерческий;да;84;33;125;;25;/catalog/myagkaya-mebel/tahtyi;arsenkin_sem+expand+keysso
кресло амадей;Кресла;общий;;399;33;;;23;/catalog/myagkaya-mebel/kresla;arsenkin_sem+keysso
белорусские товары интернет магазин с доставкой по россии;Белорусская мебель;коммерческий;;34;33;;;26;/;arsenkin_sem+keysso
древмебель;Мебель общ.;общий;;123;33;;;38;/;arsenkin_sem+keysso
диван кровать французская раскладушка;Диваны;общий;;138;33;;;24;/catalog/myagkaya-mebel/divanyi/f/transformation--francuzskaja_raskladushka;arsenkin_sem+keysso
оттоманка мебель;Мебель общ.;общий;;1995;33;;30;15;/catalog/myagkaya-mebel/divanyi/f/nalichie_ottomanki--est;arsenkin_sem+keysso
кухонный гарнитур классический;Кухни;общий;;532;33;;;17;/catalog/kuhni/kuhni-pod-zakaz/f/stil--klassika;arsenkin_sem+keysso
гостиная денвер;Гостиные и стенки;общий;;258;33;;;33;/catalog/korpusnaya-mebel/mebel-dlya-gostinoy/gostinaya-denver--1;arsenkin_sem+keysso
диван из кожи;Диваны кожаные;общий;;4138;33;;41;7;/catalog/myagkaya-mebel/divanyi/f/material--naturalnaya_kozha;arsenkin_sem+keysso
стол деревянный раскладной обеденный;Столы и стулья;общий;;164;33;;;21;/catalog/korpusnaya-mebel/stolyi/f/type--stol-obedennyiy/mehanizm_razdvijeniya--est;arsenkin_sem+keysso
белорусские товары интернет магазин;Белорусская мебель;коммерческий;;1486;33;;36;32;/;arsenkin_sem+keysso
бейкер мебель официальный сайт;Мебель общ.;коммерческий;;35;33;;;25;/catalog/myagkaya-mebel/divanyi/uglovoy-divan-beyker-15l-150-90-4r;arsenkin_sem+keysso
мягкая мебель кожаная;Диваны кожаные;общий;;790;33;;;7;/catalog/myagkaya-mebel/divanyi/f/material--naturalnaya_kozha;arsenkin_sem+keysso
диван с углом;Диваны;общий;;5836;33;;45;20;/catalog/myagkaya-mebel/divanyi-uglovyie;keysso
verdi мебель;Мебель общ.;общий;;66;33;;;31;/catalog/mebel-pod-zakaz/kollektsiya-verdi-klassik;arsenkin_sem+keysso
пушистое кресло;Кресла;общий;;880;33;;;39;/catalog/myagkaya-mebel/kresla;arsenkin_sem+keysso
купить диван выкатной вперед;Диваны;коммерческий;;465;33;;;20;/catalog/myagkaya-mebel/divanyi-uglovyie/f/transformation--vperjodvykatnoj;arsenkin_sem+keysso
скандинавский стиль в интерьере спальни;Спальни;общий;;192;33;;;14;/blog/dizayn-spalni-v-skandinavskom-stile;arsenkin_sem+keysso
мягко мебель;Мягкая мебель общ.;общий;;189733;33;;31;27;/;arsenkin_sem+keysso
никамебельопт;Мебель общ.;общий;;89;33;;;36;/;arsenkin_sem+keysso
кресло для дома удобное мягкое;Кресла;общий;;68;33;;;30;/catalog/myagkaya-mebel/kresla;arsenkin_sem+keysso
мебель на п;Мебель общ.;общий;;986;33;;;7;/;arsenkin_sem+keysso
какая мебель сейчас в моде для гостиной;Гостиные и стенки;общий;;53;33;;;17;/blog/top-samyih-populyarnyih-gostinyih-2023-goda;arsenkin_sem+keysso
тумба под телевизор цена;Комоды и тумбы;коммерческий;;658;33;;;34;/catalog/korpusnaya-mebel/tumbyi/f/type--tumba-pod-televizor;arsenkin_sem+keysso
диван вперед;Диваны;общий;;16470;33;;21;29;/catalog/myagkaya-mebel/divanyi/f/transformation--vperjod_raskladnoj;arsenkin_sem+keysso
складной механизм для дивана;Диваны;общий;;209;33;;;36;/mehanizmyi-transformatsii;arsenkin_sem+keysso
модульный диван с оттоманкой;Диваны модульные;общий;;224;33;;;21;/catalog/myagkaya-mebel/divanyi/f/nalichie_ottomanki--est;arsenkin_sem+keysso
спальня со шкафом;Спальни;общий;;2915;33;;30;32;/blog/dizayn-spalni-so-shkafom;arsenkin_sem+keysso
диван двойной раскладной;Диваны;общий;;95;33;;;22;/catalog/myagkaya-mebel/divanyi/f/type--2-h-mestnyiy-divan/po_nalichiyu_transformatsii--raskladnoy;arsenkin_sem+keysso
диван 3 метра угловой;Диваны угловые;общий;;;32;1163;;;;expand
мебельная фабрика горизонт;Фабрика/производитель;общий;;;32;994;;;;expand
мебельная фабрика арида официальный сайт;Фабрика/производитель;коммерческий;;;32;766;;;;expand
тахта раскладная двуспальная;Тахты и кушетки;общий;;;32;516;;;;expand
мебельная фабрика дана;Фабрика/производитель;общий;;;32;495;;;;expand
купить угловой диван аккордеон;Диваны угловые;коммерческий;;;32;490;;;;expand
ривали мебельная фабрика официальный сайт;Фабрика/производитель;коммерческий;;;32;415;;;;expand
диван угловой атланта со столиком;Диваны угловые;общий;;;32;399;;;;expand
купить мягкий угловой диван;Диваны угловые;коммерческий;;419;32;395;;22;/catalog/myagkaya-mebel/divanyi-uglovyie;arsenkin_sem+expand+keysso
угловой диван модерн;Диваны угловые;общий;;280;32;312;;22;/catalog/myagkaya-mebel/divanyi-uglovyie/f/stil--modern;arsenkin_sem+expand+keysso
седьмая карета мебельная фабрика;Фабрика/производитель;общий;;;32;301;;;;expand
купить тахту кровать с матрасом и ящиками;Тахты и кушетки;коммерческий;;;32;296;;;;expand
кресло реклайнер цена;Кресла реклайнеры;коммерческий;;138;32;142;;31;/catalog/myagkaya-mebel/kresla/f/type--kreslo-reklayner;arsenkin_sem+expand+keysso
белорусская мебель тиффани;Белорусская мебель;общий;;108;32;120;;15;/catalog/korpusnaya-mebel/mebel-dlya-spalni/spalnya-tiffani;arsenkin_sem+expand+keysso
диван тахта купить в новосибирске;Тахты и кушетки;коммерческий;да;50;32;56;;36;/catalog/myagkaya-mebel/tahtyi;arsenkin_sem+expand+keysso
мебель оскар белоруссия;Белорусская мебель;общий;;40;32;43;;39;/catalog/myagkaya-mebel/kresla/kreslo-oskar-12---spetspredlojenie;arsenkin_sem+expand+keysso
белорусская мебель комоды и тумбы;Комоды и тумбы;общий;;36;32;41;;9;/catalog/korpusnaya-mebel/tumbyi/f/type--komod;arsenkin_sem+expand+keysso
белорусская мебель каспийск;Белорусская мебель;общий;;82;32;38;;13;/catalog/korpusnaya-mebel;arsenkin_sem+expand+keysso
rosso мебель официальный сайт;Мебель общ.;коммерческий;;34;32;;;36;/;arsenkin_sem+keysso
деревянный стульчик;Столы и стулья;общий;;4074;32;;31;36;/catalog/korpusnaya-mebel/stulya;arsenkin_sem+keysso
стул адель;Столы и стулья;общий;;105;32;;;12;/catalog/korpusnaya-mebel/stulya/stul-adel-m-p5-0605-5-01;arsenkin_sem+keysso
мебель верди официальный сайт каталог цены;Мебель общ.;коммерческий;;32;32;;;10;/catalog/mebel-pod-zakaz/kollektsiya-verdi-klassik;arsenkin_sem+keysso
диван со складной оттоманкой;Диваны;общий;;63;32;;;20;/catalog/myagkaya-mebel/divanyi/f/nalichie_ottomanki--est;arsenkin_sem+keysso
купить диван с механизмом седафлекс;Диваны;коммерческий;;37;32;;;8;/catalog/myagkaya-mebel/divanyi/f/transformation--sedafleks_12m;arsenkin_sem+keysso
диван марракеш угловой;Диваны угловые;общий;;69;32;;;11;/catalog/myagkaya-mebel/divanyi/uglovoy-divan-marrakesh-2ml-r-6r-l;arsenkin_sem+keysso
комод тумба в прихожую;Прихожие;общий;;232;32;;;39;/catalog/korpusnaya-mebel/tumbyi/f/naznachenie--v_prihojuyu;arsenkin_sem+keysso
двухместный диван раскладной вперед;Диваны;общий;;71;32;;;22;/catalog/myagkaya-mebel/divanyi/f/type--2-h-mestnyiy-divan/po_nalichiyu_transformatsii--raskladnoy;arsenkin_sem+keysso
тахта купить в рязани;Тахты и кушетки;коммерческий;да;143;32;;;29;/catalog/myagkaya-mebel/tahtyi;arsenkin_sem+keysso
диваны белоруссия каталог и цены;Диваны;коммерческий;;108;32;;;3;/catalog/myagkaya-mebel/divanyi;arsenkin_sem+keysso
диваны в классическом стиле для гостиной;Диваны;общий;;97;32;;;5;/catalog/myagkaya-mebel/divanyi/f/stil--klassika;arsenkin_sem+keysso
купить диван в кисловодске новый;Диваны;коммерческий;;35;32;;;18;/catalog/myagkaya-mebel/divanyi;arsenkin_sem+keysso
мягкая мебель для гостиной в классическом стиле;Гостиные и стенки;общий;;99;32;;;6;/catalog/myagkaya-mebel/divanyi/f/stil--klassika;arsenkin_sem+keysso
гостиная парма венге;Гостиные и стенки;общий;;39;32;;;39;/catalog/korpusnaya-mebel/mebel-dlya-gostinoy/gostinaya-parma;arsenkin_sem+keysso
кровать тахта раздвижная двуспальная;Тахты и кушетки;общий;;38;32;;;40;/catalog/myagkaya-mebel/tahtyi/f/kolichestvo_spalnyih_mest--2_spalnoe;arsenkin_sem+keysso
диван угловой с ящиками;Диваны угловые;общий;;2671;32;;11;31;/catalog/myagkaya-mebel/divanyi-uglovyie/f/s_yashhikom--est;arsenkin_sem+keysso
стол письменный назначение;Столы и стулья;общий;;161;32;;;7;/blog/kak-vyibrat-pismennyiy-stol;arsenkin_sem+keysso
тумба из массива дуба;Комоды и тумбы;общий;;304;32;;;33;/catalog/korpusnaya-mebel/tumbyi;arsenkin_sem+keysso
продажа кухни;Кухни;общий;;4977;32;;22;23;/catalog/kuhni;arsenkin_sem+keysso
банкетка со спинкой на кухню;Кухни;общий;;118;32;;;37;/catalog/myagkaya-mebel/banketki/f/type--banketka-so-spinkoy;arsenkin_sem+keysso
прихожая верди;Прихожие;общий;;183;32;;;6;/catalog/korpusnaya-mebel/prihojie/prihojaya-verdi-klassik--1;arsenkin_sem+keysso
фиеста фасады;Кухни;общий;;55;32;;;12;/catalog/kuhni/kuhni-pod-zakaz/kuhnya-fiesta;arsenkin_sem+keysso
кровати из белоруссии;Кровати;общий;;505;32;;;5;/catalog/korpusnaya-mebel/krovati;arsenkin_sem+keysso
сокруз мебельная фабрика;Фабрика/производитель;общий;;;31;996;;;;expand
тахта с ортопедическим матрасом;Тахты и кушетки;общий;;;31;851;;;;expand
угловой диван с пружинным блоком;Диваны угловые;общий;;534;31;683;;24;/catalog/myagkaya-mebel/divanyi-uglovyie/f/napolnenie--nezavisimyi_prujinnyi_blok;arsenkin_sem+expand+keysso
угловой диван кровать solana сиэтл;Диваны угловые;общий;;;31;388;;;;expand
диван угловой нераскладной;Диваны угловые;общий;;156;31;120;;27;/catalog/myagkaya-mebel/divanyi-uglovyie/f/po_nalichiyu_transformatsii--ne_raskladnoy;arsenkin_sem+expand+keysso
угловой кожаный диван на кухню;Диваны угловые;общий;;63;31;56;;15;/catalog/myagkaya-mebel/divanyi-uglovyie/f/obivka--naturalnaya_koja;arsenkin_sem+expand+keysso
стульч;Столы и стулья;общий;;435;31;;;18;/catalog/korpusnaya-mebel/stulya;arsenkin_sem+keysso
гостиная лацио;Гостиные и стенки;общий;;174;31;;;30;/catalog/korpusnaya-mebel/mebel-dlya-gostinoy/gostinaya-latsio--1;arsenkin_sem+keysso
тофта диван;Диваны;общий;;34;31;;;16;/catalog/myagkaya-mebel/tahtyi;arsenkin_sem+keysso
мебельрум авиапарк;Мебель общ.;общий;;71;31;;;34;/news/otkryitie-novogo-firmennogo-salona-pinskdrev-v-trts-aviapark;arsenkin_sem+keysso
набор диван и кресло;Кресла;общий;;1408;31;;24;12;/catalog/myagkaya-mebel/naboryi-myagkoy-mebeli;arsenkin_sem+keysso
каркас кухонного шкафа напольного;Кухни;общий;;326;31;;;37;/catalog/kuhni/komplektuyuschie-dlya-kuhon/karkasyi-iz-ldsp;arsenkin_sem+keysso
диван 2 местный раскладной купить;Диваны;коммерческий;;83;31;;;35;/catalog/myagkaya-mebel/divanyi/f/type--2-h-mestnyiy-divan;arsenkin_sem+keysso
диван гамма;Диваны;общий;;471;31;;;16;/catalog/myagkaya-mebel/divanyi/3-h-mestnyiy-divan-gamma-3m;arsenkin_sem+keysso
какую кровать купить ребенку в 1 год;Кровати;коммерческий;;33;31;;;12;/blog/kakuyu-krovat-kupit-rebenku;arsenkin_sem+keysso
купить диван в ярцево смоленской области;Диваны;коммерческий;да;64;31;;;24;/catalog/myagkaya-mebel/divanyi;arsenkin_sem+keysso
стол на кухню из дерева;Кухни;общий;;445;31;;;22;/catalog/korpusnaya-mebel/stolyi/f/type--stol-obedennyiy;arsenkin_sem+keysso
диван раскладывается вперед купить;Диваны;коммерческий;;590;31;;;28;/catalog/myagkaya-mebel/divanyi-pryamyie/f/transformation--vperjod_raskladnoj;arsenkin_sem+keysso
стенка сканди;Гостиные и стенки;общий;;181;31;;;35;/catalog/korpusnaya-mebel/mebel-dlya-gostinoy/gostinaya-skandi;arsenkin_sem+keysso
диван классика купить;Диваны;коммерческий;;556;31;;;9;/catalog/myagkaya-mebel/divanyi/f/stil--klassika;arsenkin_sem+keysso
кресло мягкое с подлокотниками;Кресла;общий;;2897;31;;32;35;/catalog/myagkaya-mebel/kresla/f/podlokotniki--myagkie;arsenkin_sem+keysso
купить диван в балабаново;Диваны;коммерческий;;74;31;;;17;/catalog/myagkaya-mebel/divanyi;arsenkin_sem+keysso
стол кухонный из массива дуба;Кухни;общий;;226;31;;;18;/catalog/korpusnaya-mebel/stolyi/f/type--stol-obedennyiy/material--massiv_duba;arsenkin_sem+keysso
мягкий диванчик;Диваны;общий;;1441;31;;28;23;/catalog/myagkaya-mebel/divanyi;arsenkin_sem+keysso
диван кровать книжка купить в москве;Диваны;коммерческий;да;77;31;;;39;/catalog/myagkaya-mebel/divanyi/f/transformation--knizhka;arsenkin_sem+keysso
мебель рб;Мебель общ.;общий;;1911;31;;10;4;/catalog;arsenkin_sem+keysso
кресло комнатное;Кресла;общий;;2317;31;;28;29;/catalog/myagkaya-mebel/kresla;arsenkin_sem+keysso
диванчик в прихожую со спинкой купить;Диваны;коммерческий;;45;31;;;36;/catalog/myagkaya-mebel/divanyi/f/naznachenie--v_prihojuyu;arsenkin_sem+keysso
пастель кровать;Кровати;общий;;332;31;;;28;/catalog/korpusnaya-mebel/krovati;arsenkin_sem+keysso
диван без подушек прямой раскладной;Диваны;общий;;61;31;;;35;/catalog/myagkaya-mebel/divanyi-pryamyie/f/podushki_v_komplekte--net;arsenkin_sem+keysso
реклайнер механический;Кресла реклайнеры;общий;;414;31;;;11;/catalog/myagkaya-mebel/kresla/f/tip_reklaynera--mehanicheskiy;arsenkin_sem+keysso
купить диван уголок;Диваны;коммерческий;;992;31;;;23;/catalog/myagkaya-mebel/divanyi-uglovyie;arsenkin_sem+keysso
стулья из массива бука;Столы и стулья;общий;;373;31;;;18;/catalog/korpusnaya-mebel/stulya/f/materializgotovleniya--massivbuka;arsenkin_sem+keysso
угловой диван с ортопедическим матрасом;Диваны угловые;общий;;;30;757;;;;expand
большие стенки в гостиную;Гостиные и стенки;общий;;;30;656;;;;expand
маленький угловой диван со спальным местом;Диваны угловые;общий;;;30;543;;;;expand
шкаф кровать с угловым диваном;Диваны угловые;общий;;;30;369;;;;expand
кровати из массива дерева купить в москве;Кровати;коммерческий;да;;30;349;;;;expand
тиффани мебель белоруссия каталог с ценами;Белорусская мебель;коммерческий;;34;30;94;;21;/catalog/korpusnaya-mebel/mebel-dlya-spalni/spalnya-tiffani;arsenkin_sem+expand+keysso
мебель для спальни из массива дерева;Спальни;общий;;66;30;79;;10;/catalog/korpusnaya-mebel/mebel-dlya-spalni/f/osnovnoymaterial--massivdrevesinyi;arsenkin_sem+expand+keysso
кресло кровать клик кляк;Кресла-кровати;общий;;69;30;60;;23;/catalog/myagkaya-mebel/kresla/f/transformation--klik_kljak;arsenkin_sem+expand+keysso
мебель белоруссии в тольятти;Белорусская мебель;общий;;51;30;44;;7;/catalog/myagkaya-mebel;arsenkin_sem+expand+keysso
мосдрев мебель из массива официальный сайт;Мебель из массива;коммерческий;;47;30;43;;32;/;arsenkin_sem+expand+keysso
тахта деревянная односпальная;Тахты и кушетки;общий;;63;30;42;;32;/catalog/myagkaya-mebel/tahtyi/f/kolichestvo_spalnyih_mest--1_spalnoe;arsenkin_sem+expand+keysso
кухонный гарнитур белоруссия;Кухни;общий;;224;30;;;2;/catalog/kuhni;arsenkin_sem+keysso
шкаф ника;Шкафы;общий;;1056;30;;;28;/catalog/korpusnaya-mebel/shkafyi/shkaf-nika-p024-52t;arsenkin_sem+keysso
стул дубовый купить;Столы и стулья;коммерческий;;169;30;;;31;/catalog/korpusnaya-mebel/stulya;arsenkin_sem+keysso
купить кожаный диван прямой;Диваны кожаные;коммерческий;;132;30;;;22;/catalog/myagkaya-mebel/divanyi/f/material--naturalnaya_kozha;arsenkin_sem+keysso
шкаф распашной бергамо;Шкафы;общий;;296;30;;;27;/catalog/korpusnaya-mebel/shkafyi/shkaf-bergamo-p607-01-1---sale/goryachiyshokoladkapuchinoglyanets;arsenkin_sem+keysso
мосдрев мебель официальный сайт;Мебель общ.;коммерческий;;78;30;;;38;/;arsenkin_sem+keysso
банкетка мягкая со спинкой;Мягкая мебель общ.;общий;;209;30;;;33;/catalog/myagkaya-mebel/banketki/f/type--banketka-so-spinkoy;arsenkin_sem+keysso
диван босфор;Диваны;общий;;192;30;;;7;/catalog/myagkaya-mebel/divanyi/uglovoy-divan-bosfor-m-25ml-r6mr-l/tkan20gruppa;arsenkin_sem+keysso
диван роджер;Диваны;общий;;535;30;;;5;/catalog/myagkaya-mebel/divanyi/uglovoy-divan-rodjer-2ml-r6r-l;arsenkin_sem+keysso
угловой диван в кухню гостиную;Диваны угловые;общий;;168;30;;;19;/catalog/myagkaya-mebel/divanyi-uglovyie;arsenkin_sem+keysso
пружины боннель;Матрасы;общий;;687;30;;;38;/blog/obzor-prujinnyih-blokov-dlya-matrasov;arsenkin_sem+keysso
зональный пружинный блок;Матрасы;общий;;937;30;;;12;/blog/obzor-prujinnyih-blokov-dlya-matrasov;arsenkin_sem+keysso
тумба со стеклом;Комоды и тумбы;общий;;1161;30;;;17;/catalog/korpusnaya-mebel/tumbyi/f/komplektatsiya--so_steklom;arsenkin_sem+keysso
диван 2 местный раскладной;Диваны;общий;;455;30;;;24;/catalog/myagkaya-mebel/divanyi/f/type--2-h-mestnyiy-divan;arsenkin_sem+keysso
стулья неоклассика;Столы и стулья;общий;;239;30;;;6;/catalog/korpusnaya-mebel/stulya/f/stil--neoklassika;arsenkin_sem+keysso
купить шкаф витрину для гостиной;Гостиные и стенки;коммерческий;;624;30;;;33;/catalog/korpusnaya-mebel/shkafyi/f/type--shkaf-s-vitrinoy;arsenkin_sem+keysso
растения для спальни благоприятные;Спальни;общий;;54;30;;;17;/blog/5-poleznyih-rasteniy-dlya-spalni;arsenkin_sem+keysso
диван цезарь угловой;Диваны угловые;общий;;114;30;;;15;/catalog/myagkaya-mebel/divanyi/uglovoy-divan-tsezar;arsenkin_sem+keysso
купить диван кровать с независимым пружинным блоком;Диваны;коммерческий;;49;30;;;22;/catalog/myagkaya-mebel/divanyi/f/napolnenie--nezavisimyi_prujinnyi_blok;arsenkin_sem+keysso
оливковые обои в интерьере спальни;Спальни;общий;;116;30;;;15;/blog/dizayn-spalni-v-olivkovyih-tonah;arsenkin_sem+keysso
мебельизсосны рф;Мебель из массива;общий;;58;30;;;17;/doverjaj_no_proverjaj;arsenkin_sem+keysso
стол обеденный деревянный овальный раскладной купить;Столы и стулья;коммерческий;;31;30;;;38;/catalog/korpusnaya-mebel/stolyi/f/forma--ovalnaya;arsenkin_sem+keysso
фабрика имени мебеля официальный сайт;Фабрика/производитель;коммерческий;;55;30;;;40;/;arsenkin_sem+keysso
купить кухонный гарнитур на валберис недорого с доставкой;Кухни;коммерческий;;34;30;;;32;/catalog/kuhni;arsenkin_sem+keysso
диван премиум купить;Диваны;коммерческий;;694;30;;;22;/catalog/myagkaya-mebel/divanyi-premium;arsenkin_sem+keysso
ивацевичи мебель каталог;Мебель общ.;коммерческий;;293;30;;;31;/;arsenkin_sem+keysso
белорусские производители;Белорусская мебель;общий;;11189;30;;21;36;/;arsenkin_sem+keysso
мебельные фасады из массива сосны;Кухни;общий;;141;30;;;18;/catalog/kuhni/fasadyi-iz-massiva;arsenkin_sem+keysso
популярные диваны;Диваны;общий;;657;30;;;29;/blog/top-samyih-populyarnyih-divanov-v-2023-godu;arsenkin_sem+keysso
диван шелби;Диваны;общий;;195;30;;;34;/catalog/myagkaya-mebel/divanyi;arsenkin_sem+keysso
комод белоруссия;Комоды и тумбы;общий;;768;30;;;3;/catalog/korpusnaya-mebel/tumbyi/f/type--komod;arsenkin_sem+keysso
белорусские прихожие в коридор;Прихожие;общий;;46;30;;;2;/catalog/korpusnaya-mebel/prihojie;arsenkin_sem+keysso
фасад мебельный сосна;Кухни;общий;;537;30;;;34;/catalog/kuhni/fasadyi-iz-massiva;arsenkin_sem+keysso
спальня в стиле неоклассика;Спальни;общий;;254;30;;;7;/blog/dizayn-spalni-v-stile-neoklassika;arsenkin_sem+keysso
диван тахта раскладной;Тахты и кушетки;общий;;;29;1178;;;;expand
первая мебельная фабрика официальный сайт;Фабрика/производитель;коммерческий;;;29;500;;;;expand
красное кресло у кровати;Кресла;общий;;;29;358;;;;expand
белорусские диваны в москве;Диваны;общий;да;332;29;333;;1;/catalog/myagkaya-mebel;arsenkin_sem+expand+keysso
шкаф витрина из массива дерева;Шкафы;общий;;106;29;76;;29;/catalog/korpusnaya-mebel/shkafyi/f/type--shkaf-s-vitrinoy;arsenkin_sem+expand+keysso
купить диван белорусского производства;Диваны;коммерческий;;70;29;64;;2;/catalog/myagkaya-mebel/divanyi;arsenkin_sem+expand+keysso
модели кухонных гарнитуров;Кухни;общий;;591;29;;;24;/catalog/kuhni;arsenkin_sem+keysso
качественная корпусная мебель;Корпусная мебель общ.;общий;;109;29;;;35;/;arsenkin_sem+keysso
раскладной механизм для дивана книжка;Диваны;общий;;78;29;;;26;/mehanizmyi-transformatsii;arsenkin_sem+keysso
стул п м;Столы и стулья;общий;;236;29;;;21;/catalog/korpusnaya-mebel/stulya/stul-rustikal-m-p5-0351-5-01;arsenkin_sem+keysso
диван с двумя оттоманками выдвижными;Диваны;общий;;59;29;;;4;/catalog/myagkaya-mebel/divanyi/f/nalichie_ottomanki--est;keysso
купить прямой диван с независимым пружинным блоком;Диваны;коммерческий;;47;29;;;15;/catalog/myagkaya-mebel/divanyi/f/napolnenie--nezavisimyi_prujinnyi_blok;arsenkin_sem+keysso
купить диван с ящиком для белья;Диваны;коммерческий;;1914;29;;33;33;/catalog/myagkaya-mebel/divanyi/f/s_yashhikom--est;arsenkin_sem+keysso
русский дом мебель;Мебель общ.;общий;;533;29;;;44;/;arsenkin_sem+keysso
кухня неаполь;Кухни;общий;;564;29;;;10;/catalog/kuhni/kuhni-pod-zakaz/kuhni-neapol;arsenkin_sem+keysso
спальня милан;Спальни;общий;;413;29;;;33;/catalog/korpusnaya-mebel/mebel-dlya-spalni/spalnya-milana;arsenkin_sem+keysso
стулья из массива березы;Столы и стулья;общий;;293;29;;;7;/catalog/korpusnaya-mebel/stulya/f/materializgotovleniya--massivberzyi;arsenkin_sem+keysso
мебель скфм официальный сайт каталог цены;Мебель общ.;коммерческий;;33;29;;;42;/;arsenkin_sem+keysso
диван челси угловой с оттоманкой;Диваны угловые;общий;;39;29;;;44;/catalog/myagkaya-mebel/divanyi-uglovyie/f/nalichie_ottomanki--est;arsenkin_sem+keysso
гостиная в классическом стиле в светлых тонах;Гостиные и стенки;общий;;101;29;;;36;/blog/dizayn-gostinoy-v-klassicheskom-stile;arsenkin_sem+keysso
эльф мебель;Мебель общ.;общий;;240;29;;;26;/catalog/myagkaya-mebel/divanyi/2-h-mestnyiy-divan-elf;arsenkin_sem+keysso
тумба под тв дерево;Комоды и тумбы;общий;;388;29;;;18;/catalog/korpusnaya-mebel/tumbyi/f/type--tumba-pod-televizor;keysso
белорусские стулья для кухни;Кухни;общий;;109;29;;;4;/catalog/korpusnaya-mebel/stulya;arsenkin_sem+keysso
разделение кухни и гостиной на две зоны;Кухни;общий;;55;29;;;30;/blog/proverennyie-sposobyi-otdelit-kuhnyu-ot-gostinoy-v-kvartire-studii;arsenkin_sem+keysso
кровать с ящиками для белья;Кровати;общий;;6772;29;;39;21;/catalog/korpusnaya-mebel/krovati/f/s_yashhikom--est;arsenkin_sem+keysso
кровать боня;Кровати;общий;;305;29;;;39;/catalog/korpusnaya-mebel/krovati/krovat-dvoynaya-baunti-16-bez-mehanizma-pody-ma;arsenkin_sem+keysso
шкаф дольче;Шкафы;общий;;447;29;;;11;/catalog/korpusnaya-mebel/shkafyi/shkaf-dlya-odejdyi-3d-dolche-p3-597-1-03/mdfkrashenayabazaltdubrustikal;arsenkin_sem+keysso
шкаф для одежды и книг;Шкафы;общий;;395;29;;;8;/catalog/korpusnaya-mebel/shkafyi/f/type--shkaf-kombinirovannyiy;arsenkin_sem+keysso
диван с двумя спальными местами;Диваны;общий;;378;29;;;14;/catalog/myagkaya-mebel/divanyi/f/type--2-h-mestnyiy-divan;arsenkin_sem+keysso
угловой диван мэдисон;Диваны угловые;общий;;;28;572;;;;expand
диван угловой 230;Диваны угловые;общий;;;28;543;;;;expand
белорусская мебель белая;Белорусская мебель;общий;;188;28;151;;11;/catalog/korpusnaya-mebel/krovati/f/colorsynonym--belye;arsenkin_sem+expand+keysso
купить мебель из массива дуба;Мебель из массива;коммерческий;;124;28;105;;4;/catalog/korpusnaya-mebel/f/materializgotovleniya--massivduba;arsenkin_sem+expand+keysso
белорусская мебель на заказ;Белорусская мебель;общий;;71;28;70;;5;/catalog/kuhni/kuhni-pod-zakaz;arsenkin_sem+expand+keysso
кожаная мебель из белоруссии;Диваны кожаные;общий;;60;28;52;;1;/catalog/myagkaya-mebel/divanyi/f/material--naturalnaya_kozha;arsenkin_sem+expand+keysso
мебель сивер белоруссия;Белорусская мебель;общий;;40;28;39;;35;/catalog/korpusnaya-mebel/mebel-dlya-kabineta/f/stil--klassika;arsenkin_sem+expand+keysso
белорусская мебель диваны каталог с ценами;Диваны;коммерческий;;57;28;24;;1;/catalog/myagkaya-mebel/divanyi;arsenkin_sem+expand+keysso
стол из массива в гостиную;Гостиные и стенки;общий;;126;28;;;35;/catalog/korpusnaya-mebel/stolyi;arsenkin_sem+keysso
кровать 1 местная;Кровати;общий;;484;28;;;29;/catalog/korpusnaya-mebel/krovati/f/type--odnospalnaya-krovat;arsenkin_sem+keysso
мебель полесья официальный сайт каталог цены;Мебель общ.;коммерческий;;31;28;;;4;/catalog/myagkaya-mebel;arsenkin_sem+keysso
диван кровать вперед;Диваны;общий;;1791;28;;12;26;/catalog/myagkaya-mebel/divanyi/f/transformation--vperjod_raskladnoj;arsenkin_sem+keysso
набор мягкой мебели диван и 2 кресла;Кресла;общий;;255;28;;;37;/catalog/myagkaya-mebel/naboryi-myagkoy-mebeli?page=2;arsenkin_sem+keysso
купить кухню в беларуси готовую;Кухни;коммерческий;;253;28;;;22;/catalog/kuhni;arsenkin_sem+keysso
диван книга купить;Диваны;коммерческий;;249;28;;;31;/catalog/myagkaya-mebel/divanyi/f/transformation--knizhka;arsenkin_sem+keysso
кровать неоклассика;Кровати;общий;;333;28;;;6;/catalog/korpusnaya-mebel/krovati/f/stil--neoklassika;arsenkin_sem+keysso
диван с ящиками для хранения белья;Диваны;общий;;273;28;;;29;/catalog/myagkaya-mebel/divanyi/f/s_yashhikom--est;arsenkin_sem+keysso
еврософа механизм трансформации дивана;Тахты и кушетки;общий;;44;28;;;35;/mehanizmyi-transformatsii;arsenkin_sem+keysso
тумбочка прикроватная из массива дерева;Кровати;общий;;122;28;;;33;/catalog/korpusnaya-mebel/tumbyi/f/type--tumba-prikrovatnaya;arsenkin_sem+keysso
диван кровать кушетка;Тахты и кушетки;общий;;2134;28;;27;22;/catalog/myagkaya-mebel/kushetki-mini-divanyi;arsenkin_sem+keysso
стул тумбочка;Комоды и тумбы;общий;;1053;28;;;16;/catalog/korpusnaya-mebel/stulya/f/type--tumba-prikrovatnaya;arsenkin_sem+keysso
стол круглый дуб;Столы и стулья;общий;;1894;28;;42;22;/catalog/korpusnaya-mebel/stolyi/f/forma--kruglaya;arsenkin_sem+keysso
раскладные диваны кровати фото и цены;Диваны;коммерческий;;48;28;;;27;/catalog/myagkaya-mebel/divanyi/f/po_nalichiyu_transformatsii--raskladnoy;arsenkin_sem+keysso
диваны на валберис каталог и цены;Диваны;коммерческий;;147;28;;;27;/catalog/myagkaya-mebel/divanyi;arsenkin_sem+keysso
мебель под телевизор в спальню;Спальни;общий;;95;28;;;28;/catalog/korpusnaya-mebel/tumbyi/f/type--tumba-pod-televizor;arsenkin_sem+keysso
тумба для книг с полками низкая;Комоды и тумбы;общий;;36;28;;;25;/catalog/korpusnaya-mebel/tumbyi/f/naznachenie--dlya_knig;arsenkin_sem+keysso
гостиная верди;Гостиные и стенки;общий;;291;28;;;10;/catalog/mebel-pod-zakaz/kollektsiya-verdi-klassik;arsenkin_sem+keysso
спальный гарнитур версаль;Спальни;общий;;56;28;;;14;/catalog/korpusnaya-mebel/mebel-dlya-spalni/spalnya-versal;arsenkin_sem+keysso
расцветки мебели;Мебель общ.;общий;;670;28;;;16;/blog/trendovyie-tsveta-mebeli-dlya-interera-v-2026;arsenkin_sem+keysso
кухни готовые фабричные;Кухни;общий;;289;28;;;6;/catalog/kuhni;arsenkin_sem+keysso
спальный гарнитур курск;Спальни;общий;да;183;28;;;26;/catalog/korpusnaya-mebel/mebel-dlya-spalni;arsenkin_sem+keysso
кресло реклайнер для педикюра;Кресла реклайнеры;общий;;;27;578;;;;expand
сокруз мебельная фабрика официальный сайт;Фабрика/производитель;коммерческий;;;27;367;;;;expand
угловой кожаный диван в гостиную;Диваны угловые;общий;;74;27;37;;4;/catalog/myagkaya-mebel/divanyi-uglovyie/f/obivka--naturalnaya_koja;arsenkin_sem+expand+keysso
магазин белорусской мебели в махачкале;Белорусская мебель;коммерческий;;34;27;34;;19;/catalog;arsenkin_sem+expand+keysso
долина мебель андрусово;Мебель общ.;общий;;27;27;;;27;/;arsenkin_sem+keysso
стол обеденный ами мебель;Столы и стулья;общий;;116;27;;;35;/catalog/korpusnaya-mebel/stolyi/stol-obedennyiy-alt-4-p-285-06;arsenkin_sem+keysso
фасады для кухни из дерева;Кухни;общий;;352;27;;;17;/catalog/kuhni/fasadyi-iz-massiva;arsenkin_sem+keysso
furniture диваны;Диваны;общий;;279;27;;;18;/catalog/myagkaya-mebel/divanyi;arsenkin_sem+keysso
модульные кухни беларусь;Диваны модульные;общий;;195;27;;;3;/catalog/kuhni;arsenkin_sem+keysso
мебель цена;Мебель общ.;коммерческий;;337476;27;;26;26;/catalog;arsenkin_sem+keysso
ткань опера арбен мебельная;Мебель общ.;общий;;28;27;;;34;/fabrics/velyur-opera;arsenkin_sem+keysso
корпусная мебель от производителя;Фабрика/производитель;коммерческий;;478;27;;;25;/catalog/korpusnaya-mebel;arsenkin_sem+keysso
мебель из шпонированного мдф;Мебель общ.;общий;;40;27;;;13;/catalog/kuhni/kuhni-pod-zakaz/f/material--mdf_shpon;arsenkin_sem+keysso
магазин мебели на пролетарской;Мебель общ.;коммерческий;;105;27;;;26;/shops;arsenkin_sem+keysso
кровать атаманка;Кровати;общий;;102;27;;;29;/catalog/myagkaya-mebel/divanyi/f/nalichie_ottomanki--est;arsenkin_sem+keysso
купить угловой диван на куфаре;Диваны угловые;коммерческий;;64;27;;;15;/catalog/myagkaya-mebel/divanyi-uglovyie;arsenkin_sem+keysso
мебель алези;Мебель общ.;общий;;266;27;;;5;/catalog/korpusnaya-mebel/mebel-dlya-gostinoy/gostinaya-alezi;arsenkin_sem+keysso
купить кресло раскладное недорого;Кресла;коммерческий;;788;27;;;35;/catalog/myagkaya-mebel/kresla/f/type--kreslo-krovat;arsenkin_sem+keysso
стенка лацио;Гостиные и стенки;общий;;175;27;;;29;/catalog/korpusnaya-mebel/mebel-dlya-gostinoy/gostinaya-latsio--1;arsenkin_sem+keysso
кухонный гарнитур милана;Кухни;общий;;110;27;;;17;/catalog/kuhni/kuhni-pod-zakaz/kuhni-milana;arsenkin_sem+keysso
кровать турин;Кровати;общий;;876;27;;;5;/catalog/korpusnaya-mebel/krovati/krovat-dvoynaya-turin-p036-121/ldspmdfsosnakareliya;arsenkin_sem+keysso
спальный гарнитур в нальчике;Спальни;общий;;134;27;;;27;/catalog/korpusnaya-mebel/mebel-dlya-spalni;arsenkin_sem+keysso
шкаф беларусь мебель;Шкафы;общий;;273;27;;;9;/catalog/korpusnaya-mebel/shkafyi;arsenkin_sem+keysso
кухня классическая светлая;Кухни;общий;;529;27;;;18;/catalog/kuhni/kuhni-pod-zakaz/f/stil--klassika;arsenkin_sem+keysso
ами мебель банкетка в прихожую;Прихожие;общий;;47;27;;;22;/catalog/myagkaya-mebel/banketki;arsenkin_sem+keysso
какое расстояние между ламелями должно быть в кровати;Кровати;общий;;84;27;;;13;/blog/osnovanie-dlya-krovati--delaem-pravilnyiy-vyibor;arsenkin_sem+keysso
расстояние между шкафами на кухне;Кухни;общий;;1027;27;;;32;/uhod-i-ekspluatatsiya/kuhni--uhod-i-ekspluatatsiya--poleznyie-sovetyi/rekomendatsii-po-proektirovaniyu-kuhni;arsenkin_sem+keysso
кровать лдсп 1600х2000;Кровати;общий;;52;27;;;32;/catalog/korpusnaya-mebel/krovati/krovat-deko/ldspdubnavarra2000h1600mm;arsenkin_sem+keysso
купить белорусскую кухню;Кухни;коммерческий;;554;27;;;3;/catalog/kuhni;arsenkin_sem+keysso
стол кухонный раздвижной овальный деревянный купить;Кухни;коммерческий;;72;27;;;37;/catalog/korpusnaya-mebel/stolyi/f/forma--ovalnaya;arsenkin_sem+keysso
письменный стол верди купить;Столы и стулья;коммерческий;;72;27;;;40;/catalog/korpusnaya-mebel/stol-pismennyiy-verdi-klassik-p3-0487-2-07;arsenkin_sem+keysso
купить белорусский комод;Комоды и тумбы;коммерческий;;175;27;;;9;/catalog/korpusnaya-mebel/tumbyi/f/type--komod;arsenkin_sem+keysso
мебель для гостиной классика купить в москве;Гостиные и стенки;коммерческий;да;33;27;;;30;/catalog/korpusnaya-mebel/mebel-dlya-gostinoy/f/stil--klassika;arsenkin_sem+keysso
диван угловой деревянный;Диваны угловые;общий;;1117;27;;;12;/catalog/myagkaya-mebel/divanyi-uglovyie/f/material_karkasa--massiv_dereva;arsenkin_sem+keysso
письменный стол бежевый с ящиками;Столы и стулья;общий;;170;27;;;36;/catalog/korpusnaya-mebel/stolyi/f/type--stol-pismennyiy/colorsynonym--bezhevye;arsenkin_sem+keysso
диван угловой с тумбой;Диваны угловые;общий;;160;27;;;32;/catalog/myagkaya-mebel/divanyi-uglovyie;arsenkin_sem+keysso
древмебель ру официальный сайт;Мебель общ.;коммерческий;;33;27;;;28;http://pinskdrev.ru/;arsenkin_sem
мин мебели;Мебель общ.;общий;;498;27;;;34;http://pinskdrev.ru/;arsenkin_sem
белорусская мебельная фабрика 1 официальный сайт;Белорусская мебель;коммерческий;;39;27;;;30;http://pinskdrev.ru/;arsenkin_sem
кровать luna;Кровати;общий;;642;27;;;27;http://pinskdrev.ru/catalog/korpusnaya-mebel/krovati/krovat-luna-p049-121;arsenkin_sem
спальня паола;Спальни;общий;;147;27;;;17;http://pinskdrev.ru/catalog/korpusnaya-mebel/mebel-dlya-spalni/spalnya-paola;arsenkin_sem
шкаф капучино;Шкафы;общий;;842;27;;;33;http://pinskdrev.ru/catalog/korpusnaya-mebel/shkafyi/shkaf-dlya-odejdyi-3d-orli-p3-590-1-04/mdfkapuchino;arsenkin_sem
матрас synergy middle;Матрасы;общий;;49;27;;;24;http://pinskdrev.ru/catalog/matrasyi/matrasyi-sinergiya;arsenkin_sem
купить диван хороший раскладной прямой;Диваны;коммерческий;;47;27;;;24;http://pinskdrev.ru/catalog/myagkaya-mebel/divanyi-pryamyie/f/po_nalichiyu_transformatsii--raskladnoy;arsenkin_sem
купить диван угловой 21 век в рассрочку беларусь;Диваны угловые;коммерческий;;27;27;;;4;http://pinskdrev.ru/catalog/myagkaya-mebel/divanyi-uglovyie;arsenkin_sem
мебель угловой диван;Диваны угловые;общий;;8741;27;;26;19;http://pinskdrev.ru/catalog/myagkaya-mebel/divanyi-uglovyie;arsenkin_sem
угловой диван на ножках в гостиную;Диваны угловые;общий;;84;27;;;16;http://pinskdrev.ru/catalog/myagkaya-mebel/divanyi-uglovyie/f/material_nojek--metall;arsenkin_sem
диван угловой из натуральной кожи;Диваны угловые;общий;;164;27;;;5;http://pinskdrev.ru/catalog/myagkaya-mebel/divanyi-uglovyie/f/obivka--naturalnaya_koja;arsenkin_sem
диван с кантом;Диваны;общий;;240;27;;;24;http://pinskdrev.ru/catalog/myagkaya-mebel/divanyi/3-h-mestnyiy-divan-kant-lyuks-3m;arsenkin_sem
софа кожаная;Диваны кожаные;общий;;66;27;;;23;http://pinskdrev.ru/catalog/myagkaya-mebel/divanyi/f/material--naturalnaya_kozha;arsenkin_sem
диван 3 метра с оттоманкой;Диваны;общий;;78;27;;;28;http://pinskdrev.ru/catalog/myagkaya-mebel/divanyi/f/nalichie_ottomanki--est;arsenkin_sem
модные современные диваны;Диваны;общий;;166;27;;;20;http://pinskdrev.ru/catalog/myagkaya-mebel/divanyi/f/stil--sovremennyiy;arsenkin_sem
диван 4м;Диваны;общий;;341;27;;;30;http://pinskdrev.ru/catalog/myagkaya-mebel/divanyi/f/type--4-h-mestnyiy-divan;arsenkin_sem
черный кожаный диван;Диваны кожаные;общий;;;26;1134;;;;expand
тахта юлия;Тахты и кушетки;общий;;;26;560;;;;expand
угловой диван бежевый велюр;Диваны угловые;общий;;;26;547;;;;expand
стенка в гостиную с угловым шкафом;Диваны угловые;общий;;;26;377;;;;expand
кресло напротив кровати мем;Кресла;общий;;;26;311;;;;expand
угловой диван без оттоманки;Диваны угловые;общий;;83;26;136;;5;/catalog/myagkaya-mebel/divanyi-uglovyie/f/nalichie_ottomanki--net;expand+keysso
книжный шкаф белорусская мебель;Шкафы;общий;;92;26;65;;5;/catalog/korpusnaya-mebel/shkafyi/f/type--shkaf-dlya-knig;arsenkin_sem+expand+keysso
сан реми мебель белоруссия официальный сайт;Белорусская мебель;коммерческий;;28;26;38;;31;/;arsenkin_sem+expand+keysso
мебель рауна из белоруссии официальный сайт;Белорусская мебель;коммерческий;;26;26;28;;38;/;arsenkin_sem+expand+keysso
арт сквер мебель из массива;Мебель из массива;общий;;28;26;15;;16;/;arsenkin_sem+expand+keysso
стильное кресло в гостиную;Кресла;общий;;88;26;;;38;/catalog/myagkaya-mebel/kresla/f/naznachenie--v_gostinuyu;arsenkin_sem+keysso
мебель нортон официальный сайт каталог;Мебель общ.;коммерческий;;200;26;;;40;/catalog/korpusnaya-mebel/mebel-dlya-gostinoy/gostinaya-norton;arsenkin_sem+keysso
гостиная тиффани беларусь;Гостиные и стенки;общий;;44;26;;;16;/catalog/korpusnaya-mebel/mebel-dlya-gostinoy/gostinaya-tiffani;arsenkin_sem+keysso
мебель диван книжка;Диваны;общий;;1037;26;;;27;/catalog/myagkaya-mebel/divanyi/f/transformation--knizhka;arsenkin_sem+keysso
диван с независимым пружинным блоком купить в москве;Диваны;коммерческий;да;80;26;;;21;/catalog/myagkaya-mebel/divanyi/f/napolnenie--nezavisimyi_prujinnyi_blok;arsenkin_sem+keysso
щепа деревянная;Мебель из массива;общий;;517;26;;;28;/spichki--derevoobrabotka/schepa-drevesnaya;arsenkin_sem+keysso
кресло на озоне купить в гостиную;Кресла;коммерческий;;255;26;;;28;/catalog/myagkaya-mebel/kresla;arsenkin_sem+keysso
комплект мягкой мебели диван и 1 кресло;Кресла;общий;;50;26;;;21;/catalog/myagkaya-mebel/naboryi-myagkoy-mebeli;arsenkin_sem+keysso
диван молодежный;Диваны;общий;;543;26;;;11;/catalog/myagkaya-mebel/divanyi/f/stil--molodjnyiy;arsenkin_sem+keysso
мягкая мебель на озоне;Мягкая мебель общ.;общий;;646;26;;;31;/catalog/myagkaya-mebel/divanyi;arsenkin_sem+keysso
диван 2 спальный;Диваны;общий;;1714;26;;27;21;/catalog/myagkaya-mebel/divanyi/f/type--2-h-mestnyiy-divan;arsenkin_sem+keysso
диван классика в гостиную купить;Диваны;коммерческий;;38;26;;;11;/catalog/myagkaya-mebel/divanyi/f/stil--klassika;arsenkin_sem+keysso
бескаркасный диван с наполнителем пенополиуретан;Диваны;общий;;40;26;;;32;/catalog/myagkaya-mebel/divanyi/f/napolnenie--penopoliuretan_elastichnyiy;arsenkin_sem+keysso
боковина дивана;Диваны;общий;;4504;26;;23;39;/catalog/myagkaya-mebel/divanyi/f/bokovinyi--syemnyie;arsenkin_sem+keysso
мебель из черешни;Мебель общ.;общий;;34;26;;;6;/catalog/kuhni/kuhni-pod-zakaz/kuhni-irina/massivdubchereshnya;arsenkin_sem+keysso
диван кровать без подушек;Диваны;общий;;147;26;;;41;/catalog/myagkaya-mebel/divanyi/f/podushki_v_komplekte--net;arsenkin_sem+keysso
где купить диван в чебоксарах;Диваны;коммерческий;да;138;26;;;42;/catalog/myagkaya-mebel/divanyi;arsenkin_sem+keysso
купить кухню на валберис недорого от производителя;Кухни;коммерческий;;39;26;;;24;/catalog/kuhni;arsenkin_sem+keysso
бергамо мебель;Мебель общ.;общий;;192;26;;;24;/catalog/myagkaya-mebel/naboryi-myagkoy-mebeli/nabor-mebeli-bergamo;arsenkin_sem+keysso
книжный шкаф дерево;Шкафы;общий;;1164;26;;;23;/catalog/korpusnaya-mebel/shkafyi/f/type--shkaf-dlya-knig;arsenkin_sem+keysso
шкаф купе дуб вотан;Шкафы;общий;;205;26;;;36;/catalog/korpusnaya-mebel/shkafyi/shkaf-kupe-3d-blekvud-p3-556-1-43/ldspdubvotanchёrnyiy;arsenkin_sem+keysso
купить диван пума;Диваны;коммерческий;;183;26;;;20;/catalog/myagkaya-mebel/divanyi-uglovyie/f/transformation--puma;arsenkin_sem+keysso
корпусная мебель для спальни;Спальни;общий;;180;26;;;28;/catalog/korpusnaya-mebel/mebel-dlya-spalni;arsenkin_sem+keysso
диван кровать манчестер;Диваны;общий;;104;26;;;28;/catalog/myagkaya-mebel/divanyi/3-h-mestnyiy-divan-manchester-1;arsenkin_sem+keysso
аванти мебель;Мебель общ.;общий;;233;26;;;23;/catalog/korpusnaya-mebel/mebel-dlya-spalni/spalnya-avanti;arsenkin_sem+keysso
verdi диваны;Диваны;общий;;110;26;;;27;/catalog/myagkaya-mebel/divanyi/3-h-mestnyiy-divan-verdi-3m;arsenkin_sem+keysso
диван седафлекс купить;Диваны;коммерческий;;124;26;;;10;/catalog/myagkaya-mebel/divanyi/f/transformation--sedafleks_12m;arsenkin_sem+keysso
диван раскладной тик так;Диваны;общий;;643;26;;;11;/catalog/myagkaya-mebel/divanyi/f/transformation--tik_tak;arsenkin_sem+keysso
диван классический прямой;Диваны;общий;;112;26;;;8;/catalog/myagkaya-mebel/divanyi-pryamyie/f/stil--klassika;arsenkin_sem+keysso
gupan мебель;Мебель общ.;общий;;237;26;;;46;/;arsenkin_sem+keysso
мебель из беларуси каталог супер распродажа;Белорусская мебель;коммерческий;;26;26;;;16;/catalog;arsenkin_sem+keysso
мебель кресло купить;Кресла;коммерческий;;4439;26;;22;20;/catalog/myagkaya-mebel/kresla;arsenkin_sem+keysso
мягкий уголок для зала;Мягкая мебель общ.;общий;;207;26;;;12;/catalog/myagkaya-mebel/divanyi-uglovyie/f/naznachenie--v_gostinuyu;arsenkin_sem+keysso
кровать верди купить;Кровати;коммерческий;;121;26;;;27;/catalog/korpusnaya-mebel/krovat-dvoynaya-verdi-klassik-s-vyisokim-iznojem;arsenkin_sem+keysso
кресло с банкеткой для ног;Кресла;общий;;58;26;;;26;/blog/stilnyie-kresla-v-komplekte-s-banketkoy-dlya-esch--bolshego-komforta-vashego-otdyiha;arsenkin_sem+keysso
кресло белое кожаное;Диваны кожаные;общий;;443;26;;;19;/catalog/myagkaya-mebel/kresla/f/material--naturalnaya_kozha/tsvet--belyiy-ili-molochnyiy;arsenkin_sem+keysso
прямой диван пума;Диваны;общий;;101;26;;;16;/catalog/myagkaya-mebel/divanyi/f/transformation--puma;arsenkin_sem+keysso
мягкая мебель из белоруссии официальный сайт каталог цены;Белорусская мебель;коммерческий;;26;26;;;1;/catalog/myagkaya-mebel;arsenkin_sem+keysso
фабрика мебели витра официальный сайт;Фабрика/производитель;коммерческий;;50;26;;;18;/;arsenkin_sem+keysso
стенка в гостиную в классическом стиле;Гостиные и стенки;общий;;178;26;;;33;/catalog/korpusnaya-mebel/mebel-dlya-gostinoy/f/stil--klassika;arsenkin_sem+keysso
мягкая мебель беларусь;Белорусская мебель;общий;;383;26;;;2;/catalog/myagkaya-mebel;arsenkin_sem+keysso
поставымебель каталог с ценами;Мебель общ.;коммерческий;;68;26;;;21;/;arsenkin_sem+keysso
кровать тахта 200 200;Тахты и кушетки;общий;;;25;1171;;;;expand
обеденная группа стол и стулья;Столы и стулья;общий;;;25;1022;;;;expand
союз мебель мебельная фабрика официальный сайт;Фабрика/производитель;коммерческий;;;25;441;;;;expand
угловые диваны для ежедневного сна;Диваны угловые;общий;;;25;417;;;;expand
мебельная фабрика лидер;Фабрика/производитель;общий;;;25;368;;;;expand
тахта из дерева;Тахты и кушетки;общий;;390;25;365;;18;/catalog/myagkaya-mebel/tahtyi;arsenkin_sem+expand+keysso
кожаный диван с оттоманкой;Диваны кожаные;общий;;102;25;110;;17;/catalog/myagkaya-mebel/divanyi/f/nalichie_ottomanki--est;arsenkin_sem+expand+keysso
угловой диван с поворотным механизмом;Диваны угловые;общий;;55;25;108;;7;/catalog/myagkaya-mebel/divanyi-uglovyie/f/transformation--povorotnyj;arsenkin_sem+expand+keysso
белорусская мебель фирмы;Белорусская мебель;общий;;154;25;107;;2;/;arsenkin_sem+expand+keysso
купить круглый обеденный стол из массива дерева;Столы и стулья;коммерческий;;92;25;87;;14;/catalog/korpusnaya-mebel/stolyi/f/forma--kruglaya;arsenkin_sem+expand+keysso
купить кожаный диван на кухню;Диваны кожаные;коммерческий;;77;25;77;;25;/catalog/myagkaya-mebel/divanyi/f/material--naturalnaya_kozha;arsenkin_sem+expand+keysso
белорусские диваны в москве купить от производителя;Диваны;коммерческий;да;30;25;76;;2;/catalog/myagkaya-mebel;arsenkin_sem+expand+keysso
белорусская дубовая мебель;Мебель из массива;общий;;57;25;46;;2;/catalog/korpusnaya-mebel/f/materializgotovleniya--massivduba;arsenkin_sem+expand+keysso
кровати из массива дерева белоруссия;Кровати;общий;;48;25;30;;12;/catalog/korpusnaya-mebel/krovati;arsenkin_sem+expand+keysso
кровать из массива дуба белоруссия;Кровати;общий;;33;25;23;;3;/catalog/korpusnaya-mebel/krovati/f/massiv--dub;arsenkin_sem+expand+keysso
оливковая спальня;Спальни;общий;;1607;25;;22;4;/blog/dizayn-spalni-v-olivkovyih-tonah;arsenkin_sem+keysso
стол обеденный классика;Столы и стулья;общий;;276;25;;;30;/catalog/korpusnaya-mebel/stolyi/f/type--stol-obedennyiy/stil--klassika;arsenkin_sem+keysso
диван прямой раскладной вперед;Диваны;общий;;41;25;;;17;/catalog/myagkaya-mebel/divanyi-pryamyie/f/transformation--vperjod_raskladnoj;arsenkin_sem+keysso
мебельная фабрика дана официальный сайт каталог и цены;Фабрика/производитель;коммерческий;;27;25;;;36;/;arsenkin_sem+keysso
стул заноза растущий для ребенка;Столы и стулья;общий;;30;25;;;10;/catalog;arsenkin_sem+keysso
стол монако;Столы и стулья;общий;;734;25;;;18;/catalog/korpusnaya-mebel/stolyi/stol-razdvijnoy-monako-p510-09;arsenkin_sem+keysso
кожпроммебель мебельная фабрика официальный сайт;Диваны кожаные;коммерческий;;25;25;;;38;/;arsenkin_sem+keysso
полка из дуба;Мебель из массива;общий;;737;25;;;21;/catalog/korpusnaya-mebel/dekorativnyie-elementyi/f/type--polka;arsenkin_sem+keysso
эндоскопический стол кушетка;Тахты и кушетки;общий;;42;25;;;8;/catalog;arsenkin_sem+keysso
рифленые фасады для мебели;Кухни;общий;;62;25;;;13;/blog/pochemu-relefnyie-fasadyi-stali-tak-populyarnyi;arsenkin_sem+keysso
угловой диван выкатной;Диваны угловые;общий;;354;25;;;30;/catalog/myagkaya-mebel/divanyi-uglovyie/f/transformation--vperjodvykatnoj;arsenkin_sem+keysso
стол круглый из массива раздвижной;Столы и стулья;общий;;132;25;;;22;/catalog/korpusnaya-mebel/stolyi/f/forma--kruglaya;arsenkin_sem+keysso
купить мягкий раскладной диван;Диваны;коммерческий;;191;25;;;24;/catalog/myagkaya-mebel/divanyi/f/po_nalichiyu_transformatsii--raskladnoy;arsenkin_sem+keysso
фабрики мягкой мебели в россии;Фабрика/производитель;общий;;112;25;;;37;/;arsenkin_sem+keysso
спальня в стиле сканди;Спальни;общий;;120;25;;;16;/blog/dizayn-spalni-v-skandinavskom-stile;arsenkin_sem+keysso
кожаный диван купить в москве недорого;Диваны кожаные;коммерческий;да;60;25;;;20;/catalog/myagkaya-mebel/divanyi/f/material--naturalnaya_kozha;arsenkin_sem+keysso
нарвский кириши мебель каталог официальный сайт;Мебель общ.;коммерческий;;29;25;;;43;/;arsenkin_sem+keysso
прикроватная тумбочка из дерева;Кровати;общий;;375;25;;;30;/catalog/korpusnaya-mebel/tumbyi/f/type--tumba-prikrovatnaya;arsenkin_sem+keysso
белорусские кухни на заказ;Кухни;общий;;118;25;;;6;/catalog/kuhni/kuhni-pod-zakaz;arsenkin_sem+keysso
сохо мебель официальный сайт;Мебель общ.;коммерческий;;39;25;;;40;/catalog/myagkaya-mebel/divanyi/3-h-mestnyiy-divan-soho-25m;arsenkin_sem+keysso
купить спальный гарнитур в курске каталог и цены;Спальни;коммерческий;да;25;25;;;37;/catalog/korpusnaya-mebel/mebel-dlya-spalni;arsenkin_sem+keysso
мебель для школы беларусь;Белорусская мебель;общий;;38;25;;;25;/catalog/shkola;arsenkin_sem+keysso
тахта купить в белгороде;Тахты и кушетки;коммерческий;да;97;25;;;30;/catalog/myagkaya-mebel/tahtyi;arsenkin_sem+keysso
стоимость дивана;Диваны;общий;;4170;25;;56;23;/catalog/myagkaya-mebel/divanyi;arsenkin_sem+keysso
диван угловой кожа;Диваны угловые;общий;;802;25;;;5;/catalog/myagkaya-mebel/divanyi-uglovyie/f/obivka--naturalnaya_koja;arsenkin_sem+keysso
полка буквой п;Мебель из массива;общий;;208;25;;;25;/catalog/korpusnaya-mebel/dekorativnyie-elementyi/f/type--polka;arsenkin_sem+keysso
купить диван с пружинным блоком недорого;Диваны;коммерческий;;402;25;;;30;/catalog/myagkaya-mebel/divanyi/f/napolnenie--nezavisimyi_prujinnyi_blok;arsenkin_sem+keysso
прикроватный стул;Кровати;общий;;311;25;;;15;/catalog/korpusnaya-mebel/stulya/f/type--tumba-prikrovatnaya;arsenkin_sem+keysso
журнальный столик неоклассика;Столы и стулья;общий;;65;25;;;31;/catalog/korpusnaya-mebel/stolyi/f/stil--neoklassika;arsenkin_sem+keysso
декор спальни в светлых тонах;Спальни;общий;;57;25;;;25;/blog/dizayn-spalni-v-svetlyih-tonah;arsenkin_sem+keysso
журнальный столик из дерева купить;Столы и стулья;коммерческий;;484;25;;;32;/catalog/korpusnaya-mebel/stolyi/f/type--stol-jurnalnyiy;arsenkin_sem+keysso
купить мягкий угловой диван в гостиную;Диваны угловые;коммерческий;;46;25;;;24;/catalog/myagkaya-mebel/divanyi-uglovyie;arsenkin_sem+keysso
кресло амадей белоруссия купить;Кресла;коммерческий;;36;25;;;24;/catalog/myagkaya-mebel;arsenkin_sem+keysso
диван со съемными подлокотниками;Диваны;общий;;128;25;;;10;/catalog/myagkaya-mebel/divanyi-pryamyie/f/podlokotniki--sjomnye;arsenkin_sem+keysso
кухня женева;Кухни;общий;;149;25;;;12;/catalog/kuhni/kuhni-pod-zakaz/kuhnya-jeneva-layt;arsenkin_sem+keysso
консул мебель официальный сайт;Мебель общ.;коммерческий;;55;25;;;22;/catalog/myagkaya-mebel/divanyi/3-h-mestnyiy-divan-konsul-23--spetspredlojenie;arsenkin_sem+keysso
диван в стиле минимализм;Диваны;общий;;188;25;;;32;/catalog/myagkaya-mebel/divanyi/f/stil--minimalizm;arsenkin_sem+keysso
мебель полесья;Мебель общ.;общий;;382;25;;;14;/;arsenkin_sem+keysso
купить диван в чебоксарах от производителя недорого с ценами и фото;Диваны;коммерческий;да;37;25;;;34;/catalog/myagkaya-mebel/divanyi;arsenkin_sem+keysso
мебель из цельного дерева;Мебель из массива;общий;;123;25;;;34;/;arsenkin_sem+keysso
диван угловой кожаный купить в москве;Диваны угловые;коммерческий;да;67;25;;;7;/catalog/myagkaya-mebel/divanyi-uglovyie/f/obivka--naturalnaya_koja;arsenkin_sem+keysso
диван прямой мягкий;Диваны;общий;;781;25;;;29;/catalog/myagkaya-mebel/divanyi-pryamyie;arsenkin_sem+keysso
шкаф парма;Шкафы;общий;;511;25;;;28;/catalog/korpusnaya-mebel/shkafyi/shkaf-dlya-odejdyi-2d-parma-p7-050-1-18;arsenkin_sem+keysso
корона мебельная фабрика официальный сайт;Фабрика/производитель;коммерческий;;;24;1187;;;;expand
угловой диван 2 метра;Диваны угловые;общий;;;24;824;;;;expand
обеденный стол из массива дерева купить;Столы и стулья;коммерческий;;;24;797;;;;expand
мебельная фабрика корпусной мебели;Фабрика/производитель;общий;;548;24;543;;30;/catalog/korpusnaya-mebel;arsenkin_sem+expand+keysso
кровать из мурома из массива;Кровати;общий;;;24;498;;;;expand
купить угловой диван левый угол;Диваны угловые;коммерческий;;;24;460;;;;expand
компактное кресло кровать;Кресла-кровати;общий;;;24;452;;;;expand
глазовская мебельная фабрика официальный сайт;Фабрика/производитель;коммерческий;;;24;414;;;;expand
односпальные кровати из массива дерева;Кровати;общий;;;24;397;;;;expand
купить белорусский диван в москве;Диваны;коммерческий;да;254;24;235;;1;/catalog/myagkaya-mebel/divanyi;arsenkin_sem+expand+keysso
белорусская кухонная мебель;Кухни;общий;;145;24;159;;1;/catalog/kuhni;arsenkin_sem+expand+keysso
мебель для спальни из массива;Спальни;общий;;143;24;147;;8;/catalog/korpusnaya-mebel/mebel-dlya-spalni/f/osnovnoymaterial--massivdrevesinyi;arsenkin_sem+expand+keysso
белорусская деревянная мебель;Мебель из массива;общий;;101;24;127;;10;/catalog;arsenkin_sem+expand+keysso
кровать из массива с мягким изголовьем;Кровати;общий;;136;24;122;;12;/catalog/korpusnaya-mebel/krovati/f/izgolove--smyagkoyobivkoy;arsenkin_sem+expand+keysso
кожаный угловой диван со спальным местом;Диваны угловые;общий;;60;24;80;;8;/catalog/myagkaya-mebel/divanyi-uglovyie/f/obivka--naturalnaya_koja;arsenkin_sem+expand+keysso
купить диван в белгороде от производителя;Диваны;коммерческий;да;69;24;61;;40;/catalog/myagkaya-mebel/divanyi;arsenkin_sem+expand+keysso
купить кожаный диван в уфе;Диваны кожаные;коммерческий;да;51;24;46;;25;/catalog/myagkaya-mebel/divanyi/f/material--naturalnaya_kozha;arsenkin_sem+expand+keysso
купить тахту в липецке недорого;Тахты и кушетки;коммерческий;да;45;24;45;;36;/catalog/myagkaya-mebel/tahtyi;arsenkin_sem+expand+keysso
купить угловой диван в москве с доставкой;Диваны угловые;коммерческий;да;274;24;;;35;/catalog/myagkaya-mebel/divanyi-uglovyie;arsenkin_sem+keysso
кресло домашнее купить;Кресла;коммерческий;;487;24;;;31;/catalog/myagkaya-mebel/kresla;arsenkin_sem+keysso
диван еврокнижка видео;Диваны;общий;;693;24;;;26;/blog/divan-evroknijka--plyusyi-i-minusyi;arsenkin_sem+keysso
кредо мебельная фабрика официальный сайт;Фабрика/производитель;коммерческий;;24;24;;;35;/catalog/myagkaya-mebel/divanyi/3-h-mestnyiy-divan-kredo-3m;arsenkin_sem+keysso
тумба прикроватная прованс;Кровати;общий;;87;24;;;27;/catalog/korpusnaya-mebel/tumbyi/f/stil--provans;arsenkin_sem+keysso
интернет магазин корпусной мебели;Корпусная мебель общ.;коммерческий;;74;24;;;41;/;arsenkin_sem+keysso
мебельные фасады из сосны купить в москве;Кухни;коммерческий;да;27;24;;;25;/catalog/kuhni/fasadyi-iz-massiva;arsenkin_sem+keysso
мебельные фабрики рб;Фабрика/производитель;общий;;64;24;;;4;/;arsenkin_sem+keysso
обеденная группа стол и стулья для гостиной купить;Гостиные и стенки;коммерческий;;27;24;;;33;/catalog/korpusnaya-mebel/obedennyie-gruppyi;arsenkin_sem+keysso
купить диван угловой 21 век;Диваны угловые;коммерческий;;166;24;;;17;/catalog/myagkaya-mebel/divanyi-uglovyie;arsenkin_sem+keysso
фабрика дана мебель официальный сайт;Фабрика/производитель;коммерческий;;98;24;;;29;/;arsenkin_sem+keysso
полка из сосны настенная;Мебель из массива;общий;;80;24;;;30;/catalog/korpusnaya-mebel/dekorativnyie-elementyi/f/type--polka;arsenkin_sem+keysso
шведский стандарт мебель официальный сайт;Мебель общ.;коммерческий;;33;24;;;41;/;arsenkin_sem+keysso
мебель белоруссии в москве;Белорусская мебель;общий;да;497;24;;;8;/;arsenkin_sem+keysso
диван спальный двухместный;Диваны;общий;;390;24;;;23;/catalog/myagkaya-mebel/divanyi/f/type--2-h-mestnyiy-divan;arsenkin_sem+keysso
диваны хаски;Диваны;общий;;683;24;;;2;/catalog/myagkaya-mebel/divanyi/3-h-mestnyiy-divan-haski-3m---promo;arsenkin_sem+keysso
стол письменный с ящиками из массива дерева;Столы и стулья;общий;;35;24;;;39;/catalog/korpusnaya-mebel/stolyi/f/type--stol-pismennyiy;arsenkin_sem+keysso
сеть мебельных магазинов;Мебель общ.;общий;;278;24;;;24;/;arsenkin_sem+keysso
стол письменный дуб каньон;Столы и стулья;общий;;129;24;;;33;/catalog/korpusnaya-mebel/stolyi/stol-pismennyiy-kanon-loft-p3-0561-2-30-01/ldspdubkanonchёrnyiy;arsenkin_sem+keysso
столы журнальные для гостиной;Гостиные и стенки;общий;;425;24;;;30;/catalog/korpusnaya-mebel/stolyi/f/type--stol-jurnalnyiy;arsenkin_sem+keysso
кухонный гарнитур купить в липецке недорого фото и цены;Кухни;коммерческий;да;25;24;;;41;/catalog/kuhni;arsenkin_sem+keysso
купить большой стол обеденный раздвижной деревянный;Столы и стулья;коммерческий;;56;24;;;21;/catalog/korpusnaya-mebel/stolyi/f/type--stol-obedennyiy/mehanizm_razdvijeniya--est;arsenkin_sem+keysso
диван рид мир денди;Диваны;общий;;31;24;;;40;/catalog/myagkaya-mebel/divanyi;arsenkin_sem+keysso
кресло из массива;Кресла;общий;;1146;24;;;24;/catalog/myagkaya-mebel/kresla;arsenkin_sem+keysso
стеллаж буквой п;Мебель из массива;общий;;90;24;;;28;/catalog/korpusnaya-mebel/shkafyi/stellaj-orli-p3-590-2-02;arsenkin_sem+keysso
брестская мебель;Мебель общ.;общий;;333;24;;;16;/catalog;arsenkin_sem+keysso
шкаф неоклассика;Шкафы;общий;;625;24;;;13;/catalog/korpusnaya-mebel/shkafyi/f/stil--neoklassika;arsenkin_sem+keysso
классический шкаф для одежды;Шкафы;общий;;168;24;;;22;/catalog/korpusnaya-mebel/shkafyi/f/stil--klassika;arsenkin_sem+keysso
белорусские кухни каталог фото и цены;Кухни;коммерческий;;39;24;;;2;/catalog/kuhni;arsenkin_sem+keysso
стул в гостиную в классическом стиле;Гостиные и стенки;общий;;104;24;;;24;/catalog/korpusnaya-mebel/stulya/f/stil--klassika;arsenkin_sem+keysso
честерфилд мебель;Мебель общ.;общий;;77;24;;;26;/catalog/myagkaya-mebel/naboryi-myagkoy-mebeli/nabor-mebeli-chesterfild;arsenkin_sem+keysso
валберис диван кровать;Диваны;общий;;467;24;;;30;/catalog/myagkaya-mebel/divanyi;arsenkin_sem+keysso
красивый угловой диван;Диваны угловые;общий;;774;24;;;22;/catalog/myagkaya-mebel/divanyi-uglovyie;arsenkin_sem+keysso
шкаф белый на ножках;Шкафы;общий;;242;24;;;39;/catalog/korpusnaya-mebel/shkafyi/f/komplektatsiya--snojkami;arsenkin_sem+keysso
декоративный камин в интерьере гостиной;Гостиные и стенки;общий;;50;24;;;30;/blog/dekorativnyie-kaminyi-kak-sposob-preobrazit-interer;arsenkin_sem+keysso
коллекция мебели для спальни;Спальни;общий;;88;24;;;24;/catalog/korpusnaya-mebel/mebel-dlya-spalni;arsenkin_sem+keysso
высота шкафа над газовой плитой;Шкафы;общий;;105;24;;;14;/uhod-i-ekspluatatsiya/kuhni--uhod-i-ekspluatatsiya--poleznyie-sovetyi/rekomendatsii-po-proektirovaniyu-kuhni;arsenkin_sem+keysso
трехспальный диван;Диваны;общий;;105;24;;;24;/catalog/myagkaya-mebel/divanyi/f/type--3-h-mestnyiy-divan;arsenkin_sem+keysso
фасад дуб;Кухни;общий;;8381;24;;7;26;/catalog/kuhni/kuhni-pod-zakaz/f/material--massiv_duba;arsenkin_sem+keysso
кушетка в гостиную в классическом стиле;Тахты и кушетки;общий;;28;24;;;25;/catalog/myagkaya-mebel/divanyi/f/stil--klassika;arsenkin_sem+keysso
кресло fox;Кресла;общий;;721;24;;;21;/catalog/myagkaya-mebel/kresla/kreslo-foks-12;arsenkin_sem+keysso
мебельщик сити;Мебель общ.;общий;;93;24;;;35;/shops;arsenkin_sem+keysso
тахта деревянная купить;Тахты и кушетки;коммерческий;;166;24;;;24;/catalog/myagkaya-mebel/tahtyi;arsenkin_sem+keysso
очень мягкий диван в гостиную;Диваны;общий;;38;24;;;30;/catalog/myagkaya-mebel/divanyi/f/naznachenie--v_gostinuyu;arsenkin_sem+keysso
купить диван спальный двухместный;Диваны;коммерческий;;44;24;;;22;/catalog/myagkaya-mebel/divanyi/f/type--2-h-mestnyiy-divan;arsenkin_sem+keysso
диван дубай угловой;Диваны угловые;общий;;;23;863;;;;expand
угловой диван мун;Диваны угловые;общий;;;23;493;;;;expand
диван тахта односпальная;Тахты и кушетки;общий;;439;23;467;;23;/catalog/myagkaya-mebel/tahtyi/f/kolichestvo_spalnyih_mest--1_spalnoe;arsenkin_sem+expand+keysso
угловой диван для кухни с ящиками;Диваны угловые;общий;;;23;386;;;;expand
ульяновская мебельная фабрика каталог диваны цены;Диваны;коммерческий;да;;23;362;;;;expand
небольшое кресло кровать;Кресла-кровати;общий;;;23;349;;;;expand
большой угловой диван кровать;Диваны угловые;общий;;;23;338;;;;expand
мебель из сосны белоруссия;Мебель из массива;общий;;150;23;144;;22;/catalog/korpusnaya-mebel/krovati/f/massiv--sosna;arsenkin_sem+expand+keysso
белорусская мебель из массива сосны;Мебель из массива;общий;;34;23;75;;21;/catalog/korpusnaya-mebel/krovati/f/massiv--sosna;arsenkin_sem+expand+keysso
корпусная мебель из белоруссии;Белорусская мебель;общий;;41;23;40;;2;/catalog/korpusnaya-mebel;arsenkin_sem+expand+keysso
диван инфинити;Диваны;общий;;749;23;;;13;/catalog/myagkaya-mebel/divanyi/uglovoy-divan-infiniti;arsenkin_sem+keysso
портомебель официальный сайт каталог;Мебель общ.;коммерческий;;54;23;;;43;/;arsenkin_sem+keysso
кресло в стиле модерн;Кресла;общий;;71;23;;;12;/catalog/myagkaya-mebel/kresla/f/stil--modern;arsenkin_sem+keysso
купить кровать с выдвижными ящиками;Кровати;коммерческий;;782;23;;;34;/catalog/korpusnaya-mebel/krovati/f/s_yashhikom--est;arsenkin_sem+keysso
каталог кухонных гарнитуров фото и цены;Кухни;коммерческий;;368;23;;;17;/catalog/kuhni;arsenkin_sem+keysso
большой журнальный стол в гостиную;Гостиные и стенки;общий;;31;23;;;36;/catalog/korpusnaya-mebel/stolyi/f/type--stol-jurnalnyiy;arsenkin_sem+keysso
деревянные современные кухни;Кухни;общий;;490;23;;;13;/catalog/kuhni;arsenkin_sem+keysso
кресло из рогожки;Кресла;общий;;169;23;;;28;/catalog/myagkaya-mebel/kresla/f/obivka--rogojka;arsenkin_sem+keysso
сосновская фабрика мебели кухни каталог цены;Кухни;коммерческий;;32;23;;;35;/catalog/kuhni;arsenkin_sem+keysso
спальный гарнитур калининград;Спальни;общий;да;258;23;;;35;/catalog/korpusnaya-mebel/mebel-dlya-spalni;arsenkin_sem+keysso
пинтерест кресло;Кресла;общий;;534;23;;;11;/blog/novinki-stilnyih-kresel-kak-v-pinterest;arsenkin_sem+keysso
шкаф дуб каньон;Шкафы;общий;;812;23;;;35;/catalog/korpusnaya-mebel/shkafyi/shkaf-kanon-loft-p3-0561-0-19-39/karkasspodsvetkoydubkanonchёrnyiy;arsenkin_sem+keysso
диван домашний;Диваны;общий;;40951;23;;20;21;/catalog/myagkaya-mebel/divanyi;arsenkin_sem+keysso
одноместная кровать тахта;Тахты и кушетки;общий;;38;23;;;35;/catalog/myagkaya-mebel/tahtyi/f/kolichestvo_spalnyih_mest--1_spalnoe;arsenkin_sem+keysso
товары из белоруссии интернет магазин;Белорусская мебель;коммерческий;;69;23;;;27;/;arsenkin_sem+keysso
диван 3х местный;Диваны;общий;;836;23;;;14;/catalog/myagkaya-mebel/divanyi/f/type--3-h-mestnyiy-divan;arsenkin_sem+keysso
премиум мебель официальный сайт каталог;Мебель общ.;коммерческий;;34;23;;;36;/catalog/myagkaya-mebel/divanyi-premium;arsenkin_sem+keysso
диван с длинной оттоманкой;Диваны;общий;;91;23;;;9;/catalog/myagkaya-mebel/divanyi/f/nalichie_ottomanki--est;arsenkin_sem+keysso
дельфин мебель;Мебель общ.;общий;;387;23;;;47;/catalog/myagkaya-mebel/divanyi/f/transformation--delfin;arsenkin_sem+keysso
диван узкий нераскладной;Диваны;общий;;33;23;;;23;/catalog/myagkaya-mebel/divanyi/f/po_nalichiyu_transformatsii--ne_raskladnoy;arsenkin_sem+keysso
купить мягкую кожаную мебель;Диваны кожаные;коммерческий;;291;23;;;4;/catalog/myagkaya-mebel/divanyi/f/material--naturalnaya_kozha;arsenkin_sem+keysso
кресло bergamo;Кресла;общий;;327;23;;;44;/catalog/myagkaya-mebel/kresla/kreslo-bergamo;arsenkin_sem+keysso
диван раскладной прованс;Диваны;общий;;132;23;;;18;/catalog/myagkaya-mebel/divanyi/f/stil--provans;arsenkin_sem+keysso
кожаная мебель для гостиной фото цены мягкая;Диваны кожаные;коммерческий;;23;23;;;1;/catalog/myagkaya-mebel/divanyi/f/material--naturalnaya_kozha;arsenkin_sem+keysso
купить диван с независимыми пружинами;Диваны;коммерческий;;478;23;;;22;/catalog/myagkaya-mebel/divanyi/f/napolnenie--nezavisimyi_prujinnyi_blok;arsenkin_sem+keysso
напольная полка для цветов из дерева;Мебель из массива;общий;;250;23;;;20;/catalog/korpusnaya-mebel/dekorativnyie-elementyi/f/type--podstavka-dekorativnaya;arsenkin_sem+keysso
шкаф пятидверный;Шкафы;общий;;544;23;;;37;/catalog/korpusnaya-mebel/shkafyi/f/kolichestvo_dverey--5ti_dvernyiy;arsenkin_sem+keysso
деревянные стулья из массива;Столы и стулья;общий;;466;23;;;29;/catalog/korpusnaya-mebel/stulya;arsenkin_sem+keysso
брилан мебель официальный сайт;Мебель общ.;коммерческий;;26;23;;;41;/;arsenkin_sem+keysso
мебель на г;Мебель общ.;общий;;4104;23;;24;31;/;arsenkin_sem+keysso
стол овальный из массива дерева;Столы и стулья;общий;;166;23;;;29;/catalog/korpusnaya-mebel/stolyi/f/forma--ovalnaya;arsenkin_sem+keysso
красивые стулья из дерева;Столы и стулья;общий;;129;23;;;32;/catalog/korpusnaya-mebel/stulya;arsenkin_sem+keysso
дубовый массив;Мебель из массива;общий;;1196;23;;;45;/catalog/korpusnaya-mebel/f/materializgotovleniya--massivduba;arsenkin_sem+keysso
дубовая кухня;Кухни;общий;;1436;23;;25;2;/catalog/kuhni/kuhni-pod-zakaz/f/material--massiv_duba;arsenkin_sem+keysso
матрас триумф;Матрасы;общий;;135;23;;;13;/catalog/matrasyi/matrasyi-triumf/200h180sm;arsenkin_sem+keysso
спальня в стиле лофт в квартире;Спальни;общий;;62;23;;;16;/blog/dizayn-spalni-v-stile-loft;arsenkin_sem+keysso
шкаф для постельного белья и полотенец;Шкафы;общий;;42;23;;;17;/catalog/korpusnaya-mebel/shkafyi/f/naznachenie--dlya_belya;arsenkin_sem+keysso
комод 6 ящиков денвер;Комоды и тумбы;общий;;144;23;;;43;/catalog/korpusnaya-mebel/tumbyi/komod-denver-p6-639-1-02;arsenkin_sem+keysso
диван с поворотным механизмом трансформации;Диваны;общий;;26;23;;;7;/catalog/myagkaya-mebel/divanyi-uglovyie/f/transformation--povorotnyj;arsenkin_sem+keysso
комод дольче;Комоды и тумбы;общий;;265;23;;;3;/catalog/korpusnaya-mebel/tumbyi/komod-dolche-p3-597-1-04;arsenkin_sem+keysso
камелгрупп мебель официальный сайт цены;Мебель общ.;коммерческий;;23;23;;;37;/;arsenkin_sem+keysso
полка из массива;Мебель из массива;общий;;1542;23;;31;17;/catalog/korpusnaya-mebel/dekorativnyie-elementyi/f/type--polka;arsenkin_sem+keysso
угловой диван велюр купить;Диваны угловые;коммерческий;;313;23;;;28;/catalog/myagkaya-mebel/divanyi-uglovyie/f/obivka--velyur;arsenkin_sem+keysso
диван прямой с оттоманкой;Диваны;общий;;161;23;;;8;/catalog/myagkaya-mebel/divanyi/f/nalichie_ottomanki--est;arsenkin_sem+keysso
диван выдвижной вперед купить;Диваны;коммерческий;;246;23;;;23;/catalog/myagkaya-mebel/divanyi/f/transformation--vperjodvykatnoj;arsenkin_sem+keysso
мистер дорс диваны;Диваны;общий;;52;23;;;37;/catalog/myagkaya-mebel/divanyi/uglovoy-divan-dorsa-2ml-r6mr-l;arsenkin_sem+keysso
механизм складывания дивана книжка;Диваны;общий;;115;23;;;22;/mehanizmyi-transformatsii;arsenkin_sem+keysso
стул реклайнер;Кресла реклайнеры;общий;;100;23;;;34;/catalog/myagkaya-mebel/kresla/f/type--kreslo-reklayner;arsenkin_sem+keysso
диван эльф;Диваны;общий;;385;23;;;6;/catalog/myagkaya-mebel/divanyi/2-h-mestnyiy-divan-elf-2a;arsenkin_sem+keysso
тахта купить псков;Тахты и кушетки;коммерческий;да;97;23;;;26;/catalog/myagkaya-mebel/tahtyi;arsenkin_sem+keysso
стулья для кухни из дерева;Кухни;общий;;387;23;;;32;/catalog/korpusnaya-mebel/stulya;arsenkin_sem+keysso
комод под обувь в прихожую;Прихожие;общий;;95;23;;;23;/catalog/korpusnaya-mebel/tumbyi/f/type--tumba-dlya-obuvi;arsenkin_sem+keysso
тумба тв из массива дерева;Комоды и тумбы;общий;;106;23;;;33;/catalog/korpusnaya-mebel/tumbyi/f/type--tumba-pod-televizor;arsenkin_sem+keysso
мегамолл мебель;Мебель общ.;общий;;169;23;;;23;/shops;arsenkin_sem+keysso
диван 1;Диваны;общий;;34670;23;;25;28;/catalog/myagkaya-mebel/divanyi;arsenkin_sem+keysso
матрас дрим;Матрасы;общий;;2127;23;;19;25;/catalog/matrasyi/matrasyi-drim;arsenkin_sem+keysso
купить диван омега;Диваны;коммерческий;;181;23;;;13;/catalog/myagkaya-mebel/divanyi/3-h-mestnyiy-divan-omega;arsenkin_sem+keysso
белый дуб мебель;Мебель из массива;общий;;2664;23;;25;19;/catalog/korpusnaya-mebel/f/materializgotovleniya--massivduba;arsenkin_sem+keysso
пружины боннель что это такое;Матрасы;общий;;24;23;;;32;/blog/obzor-prujinnyih-blokov-dlya-matrasov;keysso
купить корпусную кухню;Кухни;коммерческий;;409;23;;;24;/catalog/kuhni;arsenkin_sem+keysso
мебель для сидения;Мебель общ.;общий;;2258;23;;17;7;/catalog/myagkaya-mebel/kresla;arsenkin_sem+keysso
полка для цветов напольная деревянная;Мебель из массива;общий;;145;23;;;17;/catalog/korpusnaya-mebel/dekorativnyie-elementyi/f/type--podstavka-dekorativnaya;arsenkin_sem+keysso
тд нарвский мебель каталог;Мебель общ.;коммерческий;;24;23;;;42;/;arsenkin_sem+keysso
большой угловой диван для гостиной;Диваны угловые;общий;;;22;902;;;;expand
тахта с подъемным механизмом 90х200;Тахты и кушетки;общий;;;22;755;;;;expand
кресло кровать дешево;Кресла-кровати;коммерческий;;;22;753;;;;expand
мебельная фабрика е1;Фабрика/производитель;общий;;;22;557;;;;expand
мебельная фабрика бобр официальный сайт;Фабрика/производитель;коммерческий;;;22;502;;;;expand
белорусские производители мебели;Белорусская мебель;общий;;438;22;292;;3;/;arsenkin_sem+expand+keysso
кровать из массива дерева 140х200;Кровати;общий;;;22;280;;;;expand
белорусская мебель в спб каталог;Белорусская мебель;коммерческий;да;154;22;151;;13;/catalog/korpusnaya-mebel/mebel-dlya-spalni;arsenkin_sem+expand+keysso
тахта восточная;Тахты и кушетки;общий;;49;22;61;;25;/catalog/myagkaya-mebel/tahtyi;arsenkin_sem+expand+keysso
мебель из массива дерева купить в москве;Мебель из массива;коммерческий;да;58;22;59;;29;/catalog/mebel-iz-massiva;arsenkin_sem+expand+keysso
диван с функцией релакс;Диваны;общий;;42;22;;;11;/catalog/myagkaya-mebel/divanyi/f/transformation--relax;arsenkin_sem+keysso
диван в рубчик;Диваны;общий;;238;22;;;38;/catalog/myagkaya-mebel/divanyi;arsenkin_sem+keysso
шкаф черный в спальню;Спальни;общий;;131;22;;;34;/catalog/korpusnaya-mebel/shkafyi/f/colorsynonym--chernye;arsenkin_sem+keysso
мебель парк тольятти автозаводское шоссе;Мебель общ.;общий;;39;22;;;20;/news/otkryitie-novogo-firmennogo-magazina-pinskdrev-v-tolyatti;arsenkin_sem+keysso
спальный гарнитур из массива;Спальни;общий;;322;22;;;17;/catalog/korpusnaya-mebel/mebel-dlya-spalni/f/osnovnoymaterial--massivdrevesinyi;arsenkin_sem+keysso
размер кресла стандарт в гостиную;Кресла;общий;;24;22;;;22;/blog/kak-vyibrat-udobnoe-kreslo;arsenkin_sem+keysso
диван беллини;Диваны;общий;;247;22;;;2;/catalog/myagkaya-mebel/divanyi/divan-bellini-15el15er;arsenkin_sem+keysso
кресло омега;Кресла;общий;;1008;22;;;6;/catalog/myagkaya-mebel/kresla/kreslo-omega;arsenkin_sem+keysso
мебель тумбочка;Комоды и тумбы;общий;;12076;22;;19;34;/catalog/korpusnaya-mebel/tumbyi;arsenkin_sem+keysso
белорусский магазин рядом;Белорусская мебель;коммерческий;;962;22;;;27;/shops;arsenkin_sem+keysso
стул из дуба купить;Столы и стулья;коммерческий;;259;22;;;31;/catalog/korpusnaya-mebel/stulya/f/materializgotovleniya--massivduba;arsenkin_sem+keysso
мебель белый воск официальный;Мебель общ.;общий;;361;22;;;27;/catalog/korpusnaya-mebel/krovati/f/izgolove--smyagkoyobivkoy;arsenkin_sem+keysso
кожаный диван угловой цена;Диваны угловые;коммерческий;;106;22;;;9;/catalog/myagkaya-mebel/divanyi-uglovyie/f/obivka--naturalnaya_koja;arsenkin_sem+keysso
угловой диван белорусская мебель;Диваны угловые;общий;;74;22;;;1;/catalog/myagkaya-mebel/divanyi-uglovyie;arsenkin_sem+keysso
стол луна;Столы и стулья;общий;;2101;22;;15;17;/catalog/korpusnaya-mebel/stolyi/stol-luna-p049-501;arsenkin_sem+keysso
диван книжка механизм раскладывания;Диваны;общий;;181;22;;;20;/mehanizmyi-transformatsii;arsenkin_sem+keysso
люксор мебель;Мебель общ.;общий;;120;22;;;20;/catalog/myagkaya-mebel/divanyi/3-h-mestnyiy-divan-lyuksor;arsenkin_sem+keysso
кровать диван раскладной 2х спальный;Диваны;общий;;22;22;;;34;/catalog/myagkaya-mebel/divanyi;arsenkin_sem+keysso
кухонный гарнитур деревянный современный;Кухни;общий;;47;22;;;16;/catalog/kuhni;arsenkin_sem+keysso
портал мебель;Мебель общ.;общий;;378;22;;;40;/;arsenkin_sem+keysso
кресла для гостиной современный стиль минимализм;Кресла;общий;;22;22;;;33;/catalog/myagkaya-mebel/kresla/f/stil--minimalizm;arsenkin_sem+keysso
спальный гарнитур купить в белгороде;Спальни;коммерческий;да;40;22;;;30;/catalog/korpusnaya-mebel/mebel-dlya-spalni;arsenkin_sem+keysso
диванный механизм дельфин;Диваны;общий;;32;22;;;15;/mehanizmyi-transformatsii;arsenkin_sem+keysso
диван кровать классика;Диваны;общий;;334;22;;;21;/catalog/myagkaya-mebel/divanyi/f/stil--klassika;arsenkin_sem+keysso
орион тюмень мебель;Мебель общ.;общий;да;102;22;;;18;/news/otkryitie-novogo-firmennogo-salona-belorusskoy-mebeli-pinskdrev-v-tyumeni;arsenkin_sem+keysso
угловой диван неоклассика;Диваны угловые;общий;;62;22;;;5;/catalog/myagkaya-mebel/divanyi-uglovyie/f/stil--neoklassika;arsenkin_sem+keysso
шкаф монблан;Шкафы;общий;;150;22;;;27;/catalog/korpusnaya-mebel/shkafyi/shkaf-monblan-p4-145-0-02-01;arsenkin_sem+keysso
книжный шкаф валенсия;Шкафы;общий;;60;22;;;22;/catalog/korpusnaya-mebel/shkafyi/shkaf-dlya-knig-valensiya-klassik-p3-0589-2-05;arsenkin_sem+keysso
мебель в гостиную беларусь;Гостиные и стенки;общий;;169;22;;;3;/catalog/korpusnaya-mebel/mebel-dlya-gostinoy;arsenkin_sem+keysso
тумбочка для прихожей с ящиками;Прихожие;общий;;72;22;;;32;/catalog/korpusnaya-mebel/tumbyi/f/naznachenie--v_prihojuyu;arsenkin_sem+keysso
мягкая мебель диван и два кресла;Кресла;общий;;402;22;;;35;/catalog/myagkaya-mebel/naboryi-myagkoy-mebeli;arsenkin_sem+keysso
диван книжка купить в рязани;Диваны;коммерческий;да;123;22;;;43;/catalog/myagkaya-mebel/divanyi/f/transformation--knizhka;arsenkin_sem+keysso
мебельная компания москва;Мебель общ.;общий;да;280;22;;;28;/;arsenkin_sem+keysso
нортон стол;Столы и стулья;общий;;310;22;;;9;/catalog/korpusnaya-mebel/stolyi/stol-pismennyiy-norton-bm2-768-2-46;arsenkin_sem+keysso
бел мебель ру интернет магазин;Мебель общ.;коммерческий;;22;22;;;13;/;arsenkin_sem+keysso
модульные спальни в современном стиле;Диваны модульные;общий;;114;22;;;40;/catalog/korpusnaya-mebel/mebel-dlya-spalni/f/stil--sovremennyiy;arsenkin_sem+keysso
кредо мебель ижевск официальный сайт;Мебель общ.;коммерческий;да;22;22;;;36;/catalog/myagkaya-mebel/divanyi/3-h-mestnyiy-divan-kredo-3m;arsenkin_sem+keysso
тафта мебель;Мебель общ.;общий;;49;22;;;24;/catalog/myagkaya-mebel/tahtyi;arsenkin_sem+keysso
стулья деревянные классика;Столы и стулья;общий;;146;22;;;17;/catalog/korpusnaya-mebel/stulya/f/stil--klassika;arsenkin_sem+keysso
диван лотос купить;Диваны;коммерческий;;116;22;;;37;/catalog/korpusnaya-mebel/krovati/krovat-divan-lotos-bm-2186;arsenkin_sem+keysso
угловой диван с механизмом пума;Диваны угловые;общий;;46;22;;;4;/catalog/myagkaya-mebel/divanyi-uglovyie/f/transformation--puma;arsenkin_sem+keysso
комод обувной;Комоды и тумбы;общий;;120;22;;;24;/catalog/korpusnaya-mebel/tumbyi/f/type--tumba-dlya-obuvi;arsenkin_sem+keysso
кухонные фасады купить в нижнем новгороде;Кухни;коммерческий;да;55;22;;;27;/catalog/kuhni/fasadyi-iz-massiva;arsenkin_sem+keysso
мебель пара;Мебель общ.;общий;;9959;22;;15;35;/;arsenkin_sem+keysso
кровать в стиле неоклассика;Кровати;общий;;77;22;;;17;/catalog/korpusnaya-mebel/krovati/f/stil--neoklassika;arsenkin_sem+keysso
минская мебельная фабрика;Белорусская мебель;общий;;77;22;;;13;/catalog/korpusnaya-mebel;arsenkin_sem+keysso
каталог спальни;Спальни;коммерческий;;3761;22;;13;20;/catalog/korpusnaya-mebel/mebel-dlya-spalni;arsenkin_sem+keysso
мебель марракеш;Мебель общ.;общий;;161;22;;;20;/catalog/myagkaya-mebel/divanyi/uglovoy-divan-marrakesh-15l-r-8r-l/tkan19gruppa;arsenkin_sem+keysso
раскладка дивана;Диваны;общий;;3294;22;;14;4;/blog/kakie-byivayut-mehanizmyi-divanov;arsenkin_sem+keysso
диван наоми угловой;Диваны угловые;общий;;38;22;;;6;/catalog/myagkaya-mebel/divanyi/uglovoy-divan-naomi-2ml-r6mr-l;arsenkin_sem+keysso
диван г;Диваны;общий;;18557;22;;28;18;/catalog/myagkaya-mebel/divanyi-uglovyie;arsenkin_sem+keysso
мебельная фабрика мытищи;Фабрика/производитель;общий;;;21;1130;;;;expand
угловой раскладной диван на кухню;Диваны угловые;общий;;;21;618;;;;expand
угловой диван 8 марта;Диваны угловые;общий;;;21;535;;;;expand
мебельная фабрика муром;Фабрика/производитель;общий;;;21;530;;;;expand
solana сиэтл диван угловой;Диваны угловые;общий;;;21;513;;;;expand
кресло качалка реклайнер;Кресла реклайнеры;общий;;;21;499;;;;expand
мебель из массива на заказ;Мебель из массива;общий;;;21;469;;;;expand
кресло кровать moon family;Кресла-кровати;общий;;;21;468;;;;expand
мебельная фабрика елена;Фабрика/производитель;общий;;;21;439;;;;expand
мебельная фабрика юдиных;Фабрика/производитель;общий;;;21;411;;;;expand
детская кровать из массива дерева;Кровати;общий;;;21;386;;;;expand
угловые диваны с независимым пружинным блоком;Диваны угловые;общий;;;21;368;;;;expand
детское раскладное кресло кровать;Кресла-кровати;общий;;;21;361;;;;expand
стенка без ниши под телевизор в гостиную;Гостиные и стенки;общий;;;21;325;;;;expand
кресло кровать без подлокотников купить;Кресла-кровати;коммерческий;;;21;319;;;;expand
угловой диван букле;Диваны угловые;общий;;;21;309;;;;expand
кровать трансформер с угловым диваном;Диваны угловые;общий;;;21;298;;;;expand
белорусская мебель шкафы для одежды;Шкафы;общий;;60;21;144;;4;/catalog/korpusnaya-mebel/shkafyi/f/naznachenie--dlya_odejdyi;arsenkin_sem+expand+keysso
прихожая белорусская мебель купить;Прихожие;коммерческий;;24;21;49;;3;/catalog/korpusnaya-mebel/prihojie;arsenkin_sem+expand+keysso
белорусская мебель belvedere официальный сайт;Белорусская мебель;коммерческий;;23;21;34;;6;/;arsenkin_sem+expand+keysso
мебель луи филипп белоруссия официальный сайт каталог;Белорусская мебель;коммерческий;;21;21;23;;29;/;arsenkin_sem+expand+keysso
белорусская мебель волгодонск;Белорусская мебель;общий;;38;21;21;;2;/;arsenkin_sem+expand+keysso
кровать 2100х2000;Кровати;общий;;27;21;;;41;/catalog/korpusnaya-mebel/krovati/krovat-odinarnaya-1-09-lotos-8905-bm701/sosnanaturalnaya2000x900mm;arsenkin_sem+keysso
мебель с завода изготовителя;Мебель общ.;общий;;34;21;;;28;/;arsenkin_sem+keysso
кресло кровать турин;Кресла-кровати;общий;;47;21;;;29;/catalog/myagkaya-mebel/kresla/f/type--kreslo-krovat;arsenkin_sem+keysso
стол неоклассика обеденный;Столы и стулья;общий;;71;21;;;29;/catalog/korpusnaya-mebel/stolyi/f/stil--neoklassika;arsenkin_sem+keysso
комод альба;Комоды и тумбы;общий;;53;21;;;29;/catalog/korpusnaya-mebel/tumbyi/komod-alba-11s-p524-11s;arsenkin_sem+keysso
мягкие кресла для дома купить в москве;Кресла;коммерческий;да;77;21;;;18;/catalog/myagkaya-mebel/kresla;arsenkin_sem+keysso
стол консул;Столы и стулья;общий;;642;21;;;26;/catalog/korpusnaya-mebel/stolyi/stol-jurnalnyiy-konsul-01-p-399-01;arsenkin_sem+keysso
диван кровать с независимым пружинным блоком;Диваны;общий;;293;21;;;27;/catalog/myagkaya-mebel/divanyi/f/napolnenie--nezavisimyi_prujinnyi_blok;arsenkin_sem+keysso
спальни белгород каталог и цены;Спальни;коммерческий;да;25;21;;;42;/catalog/korpusnaya-mebel/mebel-dlya-spalni;arsenkin_sem+keysso
диваны беларусь каталог с ценами официальный сайт;Диваны;коммерческий;;22;21;;;1;/catalog/myagkaya-mebel;arsenkin_sem+keysso
диван неоклассика в гостиную;Диваны;общий;;62;21;;;3;/catalog/myagkaya-mebel/divanyi/f/stil--neoklassika;arsenkin_sem+keysso
деревянные фасады для мебели;Кухни;общий;;161;21;;;18;/catalog/kuhni/fasadyi-iz-massiva;arsenkin_sem+keysso
диван углом в гостиную;Диваны;общий;;452;21;;;16;/catalog/myagkaya-mebel/divanyi-uglovyie;arsenkin_sem+keysso
книжный шкаф купить в ставрополе;Шкафы;коммерческий;да;48;21;;;42;/catalog/korpusnaya-mebel/shkafyi/f/type--shkaf-dlya-knig;arsenkin_sem+keysso
тумба для цветов напольная;Комоды и тумбы;общий;;283;21;;;30;/catalog/korpusnaya-mebel/dekorativnyie-elementyi/f/type--podstavka-dekorativnaya;keysso
угловой стул;Диваны угловые;общий;;631;21;;;24;/catalog/korpusnaya-mebel/stulya/f/type--shkaf-uglovoy;arsenkin_sem+keysso
диван и кресла комплект мягкой мебели;Кресла;общий;;638;21;;;15;/catalog/myagkaya-mebel/naboryi-myagkoy-mebeli;arsenkin_sem+keysso
кухонный гарнитур дуб;Кухни;общий;;4501;21;;25;7;/catalog/kuhni/kuhni-pod-zakaz/f/material--massiv_duba;arsenkin_sem+keysso
новый кухонный гарнитур;Кухни;общий;;2217;21;;19;28;/catalog/kuhni;arsenkin_sem+keysso
кресло лира;Кресла;общий;;415;21;;;8;/catalog/myagkaya-mebel/kresla/kreslo-lira-12---spetspredlojenie;arsenkin_sem+keysso
шкаф брауни;Шкафы;общий;;263;21;;;20;/catalog/korpusnaya-mebel/shkafyi/shkaf-kupe-brauni-p043-101;arsenkin_sem+keysso
купить угловой диван с пружинным блоком;Диваны угловые;коммерческий;;280;21;;;20;/catalog/myagkaya-mebel/divanyi-uglovyie/f/napolnenie--nezavisimyi_prujinnyi_blok;arsenkin_sem+keysso
форест деко групп мебель официальный сайт;Мебель общ.;коммерческий;;36;21;;;43;/;arsenkin_sem+keysso
диваны левокс;Диваны;общий;;135;21;;;40;/catalog/myagkaya-mebel/divanyi/3-h-mestnyiy-divan-kanon-1-3m---spetspredlojenie;arsenkin_sem+keysso
звук дивана;Диваны;общий;;1324;21;;10;11;/blog/chto-delat-esli-skripit-divan;arsenkin_sem+keysso
диван французская раскладушка купить в москве;Диваны;коммерческий;да;97;21;;;14;/catalog/myagkaya-mebel/divanyi/f/transformation--francuzskaja_raskladushka;arsenkin_sem+keysso
диван бохо;Диваны;общий;;252;21;;;8;/catalog/myagkaya-mebel/divanyi/3-h-mestnyiy-divan-boho-3m;arsenkin_sem+keysso
корпусная мебель беларусь;Белорусская мебель;общий;;86;21;;;2;/catalog/korpusnaya-mebel;arsenkin_sem+keysso
мебель тиффани официальный сайт;Мебель общ.;коммерческий;;253;21;;;29;/catalog/korpusnaya-mebel/mebel-dlya-gostinoy/gostinaya-tiffani;arsenkin_sem+keysso
угловой диван рейн;Диваны угловые;общий;;86;21;;;7;/catalog/myagkaya-mebel/divanyi/uglovoy-divan-reyn-1;arsenkin_sem+keysso
диван с креслами комплект в гостиную купить;Кресла;коммерческий;;107;21;;;22;/catalog/myagkaya-mebel/naboryi-myagkoy-mebeli;arsenkin_sem+keysso
мебель кожаная мягкая для гостиной купить;Диваны кожаные;коммерческий;;24;21;;;3;/catalog/myagkaya-mebel/divanyi/f/material--naturalnaya_kozha;arsenkin_sem+keysso
купить диван в воронеже недорого новый цена;Диваны;коммерческий;да;86;21;;;44;/catalog/myagkaya-mebel/divanyi;arsenkin_sem+keysso
большой платяной шкаф для одежды;Шкафы;общий;;23;21;;;28;/catalog/korpusnaya-mebel/shkafyi/f/naznachenie--dlya_odejdyi;arsenkin_sem+keysso
гостиная паола;Гостиные и стенки;общий;;163;21;;;18;/catalog/korpusnaya-mebel/mebel-dlya-gostinoy/gostinaya-paola;arsenkin_sem+keysso
кухонный гарнитур из массива дуба;Кухни;общий;;48;21;;;2;/catalog/kuhni/kuhni-pod-zakaz/f/material--massiv_duba;arsenkin_sem+keysso
мини диван кожаный;Диваны кожаные;общий;;129;21;;;18;/catalog/myagkaya-mebel/divanyi/f/material--naturalnaya_kozha;arsenkin_sem+keysso
кожаное кресло купить в москве для дома;Диваны кожаные;коммерческий;да;48;21;;;20;/catalog/myagkaya-mebel/kresla/f/obivka--naturalnaya_koja;arsenkin_sem+keysso
комплект мебели в спальню в современном стиле;Спальни;общий;;30;21;;;27;/catalog/korpusnaya-mebel/mebel-dlya-spalni/f/stil--sovremennyiy;arsenkin_sem+keysso
фотографии кровати;Кровати;общий;;1916;21;;13;29;/catalog/korpusnaya-mebel/krovati;arsenkin_sem+keysso
риннер мебельная фабрика официальный сайт каталог цены;Фабрика/производитель;коммерческий;;21;21;;;43;/;arsenkin_sem+keysso
шестидверный шкаф;Шкафы;общий;;487;21;;;31;/catalog/korpusnaya-mebel/shkafyi/f/kolichestvo_dverey--6ti_dvernyiy;arsenkin_sem+keysso
кухонные стулья кожаные со спинкой;Диваны кожаные;общий;;40;21;;;34;/catalog/korpusnaya-mebel/stulya/f/obivka--naturalnaya_koja;arsenkin_sem+keysso
каталог кухонных гарнитуров фото;Кухни;коммерческий;;780;21;;;10;/catalog/kuhni;arsenkin_sem+keysso
спальный гарнитур милана;Спальни;общий;;236;21;;;5;/catalog/korpusnaya-mebel/mebel-dlya-spalni/spalnya-milana;arsenkin_sem+keysso
puzzle mebel мебель официальный сайт;Мебель общ.;коммерческий;;31;21;;;38;/;arsenkin_sem+keysso
амрекс мебель каталог с ценами;Мебель общ.;коммерческий;;21;21;;;37;/;arsenkin_sem+keysso
купить деревянные стулья со спинкой для гостиной;Гостиные и стенки;коммерческий;;31;21;;;36;/catalog/korpusnaya-mebel/stulya/f/naznachenie--v_gostinuyu;arsenkin_sem+keysso
купить комод белорусская мебель;Комоды и тумбы;коммерческий;;84;21;;;9;/catalog/korpusnaya-mebel/tumbyi/f/type--komod;arsenkin_sem+keysso
parma мебель;Мебель общ.;общий;;72;21;;;24;/catalog/korpusnaya-mebel/mebel-dlya-gostinoy/gostinaya-parma;arsenkin_sem+keysso
угловой диван барселона 2;Диваны угловые;общий;;54;21;;;3;/catalog/myagkaya-mebel/divanyi/uglovoy-divan-barselona-2-3ml-r8mr-l---spets;arsenkin_sem+keysso
расстояние от газовой плиты до шкафа;Шкафы;общий;;192;21;;;21;/uhod-i-ekspluatatsiya/kuhni--uhod-i-ekspluatatsiya--poleznyie-sovetyi/rekomendatsii-po-proektirovaniyu-kuhni;arsenkin_sem+keysso
ооо живые диваны официальный сайт каталог;Диваны;коммерческий;;37;21;;;31;/catalog/myagkaya-mebel/divanyi;arsenkin_sem+keysso
стол монако раздвижной;Столы и стулья;общий;;88;21;;;13;/catalog/korpusnaya-mebel/stolyi/stol-razdvijnoy-monako-p510-09;arsenkin_sem+keysso
книжный диван;Диваны;общий;;1709;21;;21;27;/catalog/myagkaya-mebel/divanyi/f/transformation--knizhka;arsenkin_sem+keysso
диван кровать книжка для ежедневного использования;Диваны;общий;;35;21;;;35;/catalog/myagkaya-mebel/divanyi/f/transformation--knizhka;arsenkin_sem+keysso
сосновская мебельная фабрика официальный сайт;Мебель из массива;коммерческий;;22;21;;;34;/catalog/kuhni;arsenkin_sem+keysso
ммк древ официальный сайт мебельная фабрика каталог;Фабрика/производитель;коммерческий;;21;21;;;37;/;arsenkin_sem+keysso
стул для гостиной мягкий в современном стиле;Гостиные и стенки;общий;;25;21;;;29;http://pinskdrev.ru/catalog/korpusnaya-mebel/stulya/f/naznachenie--v_gostinuyu;arsenkin_sem
брянская мебельная фабрика;Фабрика/производитель;общий;да;;20;941;;;;expand
мебельная фабрика калинка;Фабрика/производитель;общий;;;20;788;;;;expand
угловой диван 220;Диваны угловые;общий;;;20;633;;;;expand
бескаркасное кресло кровать купить;Кресла-кровати;коммерческий;;;20;614;;;;expand
угловой диван торонто;Диваны угловые;общий;;;20;563;;;;expand
мебельная фабрика галина;Фабрика/производитель;общий;;;20;513;;;;expand
кресло реклайнер для наращивания ресниц;Кресла реклайнеры;общий;;;20;357;;;;expand
угловой диван 200 см;Диваны угловые;общий;;;20;353;;;;expand
горизонт мебельная фабрика официальный сайт;Фабрика/производитель;коммерческий;;;20;311;;;;expand
чехол на кожаный диван;Диваны кожаные;общий;;;20;310;;;;expand
moon кресло кровать аккордеон;Кресла-кровати;общий;;;20;307;;;;expand
диван брюссель угловой;Диваны угловые;общий;;;20;276;;;;expand
роникон мебельная фабрика;Фабрика/производитель;общий;;;20;275;;;;expand
тахта фото и цены;Тахты и кушетки;коммерческий;;179;20;207;;17;/catalog/myagkaya-mebel/tahtyi;arsenkin_sem+expand+keysso
салон белорусской мебели;Белорусская мебель;коммерческий;;185;20;204;;4;/;arsenkin_sem+expand+keysso
белорусская детская мебель;Детская;общий;;185;20;198;;2;/catalog/korpusnaya-mebel/mebel-dlya-detskoy;arsenkin_sem+expand+keysso
тахта центр;Тахты и кушетки;общий;;55;20;79;;13;/catalog/myagkaya-mebel/tahtyi;arsenkin_sem+expand+keysso
мебель ммц белоруссия официальный сайт;Белорусская мебель;коммерческий;;20;20;21;;37;/;arsenkin_sem+expand+keysso
спальные гарнитуры москва;Спальни;общий;да;1485;20;;10;36;/catalog/korpusnaya-mebel/mebel-dlya-spalni;arsenkin_sem+keysso
купить комплект мягкой мебели для гостиной;Гостиные и стенки;коммерческий;;96;20;;;18;/catalog/myagkaya-mebel/naboryi-myagkoy-mebeli/f/obivka--naturalnaya_koja;arsenkin_sem+keysso
купить кухонный стол в обнинске;Кухни;коммерческий;;28;20;;;31;/catalog/korpusnaya-mebel/stolyi/f/type--stol-obedennyiy;arsenkin_sem+keysso
белорусская мебельная фабрика номер 1;Белорусская мебель;общий;;38;20;;;40;/;arsenkin_sem+keysso
глазовмебель ру официальный;Мебель общ.;общий;;37;20;;;30;/;arsenkin_sem+keysso
эльба мебель официальный сайт каталог москва с ценами и фото;Мебель общ.;коммерческий;да;20;20;;;47;/;arsenkin_sem+keysso
валберис комоды недорого каталог с ценами и фото;Комоды и тумбы;коммерческий;;21;20;;;35;/catalog/korpusnaya-mebel/tumbyi/f/type--komod;arsenkin_sem+keysso
диван мемори;Диваны;общий;;778;20;;;3;/catalog/myagkaya-mebel/divanyi/3-h-mestnyiy-divan-memori-1ml-1mr;arsenkin_sem+keysso
очень мягкое кресло;Кресла;общий;;163;20;;;32;/catalog/myagkaya-mebel/kresla;arsenkin_sem+keysso
давита мебель шкафы для одежды;Шкафы;общий;;46;20;;;30;/catalog/korpusnaya-mebel/shkafyi/shkaf-dlya-odejdyi-3d-tiffani-2553-01-bm681;arsenkin_sem+keysso
кровать с пм что значит;Кровати;общий;;22;20;;;25;/blog/kak-vyibrat-krovat-s-pody-mnyim-mehanizmom;arsenkin_sem+keysso
мягкий уголок в гостиную со спальным местом;Спальни;общий;;66;20;;;20;/catalog/myagkaya-mebel/divanyi-uglovyie;arsenkin_sem+keysso
диван с выдвижной оттоманкой купить;Диваны;коммерческий;;64;20;;;15;/catalog/myagkaya-mebel/divanyi/f/nalichie_ottomanki--est;arsenkin_sem+keysso
тахта с пружинным блоком и подъемным механизмом;Тахты и кушетки;общий;;34;20;;;26;/catalog/myagkaya-mebel/tahtyi/f/transformation--podemnyj;arsenkin_sem+keysso
мирелла мебель;Мебель общ.;общий;;132;20;;;22;/catalog/kuhni/kuhni-pod-zakaz/kuhnya-mirella;arsenkin_sem+keysso
белорусская мебель пятигорск каталог цены;Белорусская мебель;коммерческий;;53;20;;;14;/catalog/myagkaya-mebel;arsenkin_sem+keysso
стол круглый из массива дуба;Столы и стулья;общий;;228;20;;;15;/catalog/korpusnaya-mebel/stolyi/f/forma--kruglaya;arsenkin_sem+keysso
столовая группа купить;Столы и стулья;коммерческий;;250;20;;;17;/catalog/korpusnaya-mebel/obedennyie-gruppyi;arsenkin_sem+keysso
диван с круглой оттоманкой;Диваны;общий;;29;20;;;21;/catalog/myagkaya-mebel/divanyi/f/nalichie_ottomanki--est;arsenkin_sem+keysso
товары из белоруссии интернет магазин с доставкой в россию;Белорусская мебель;коммерческий;;22;20;;;32;/;arsenkin_sem+keysso
где купить качественную мебель;Мебель общ.;коммерческий;;380;20;;;21;/;arsenkin_sem+keysso
купить кожаный диван угловой раскладной;Диваны угловые;коммерческий;;36;20;;;10;/catalog/myagkaya-mebel/divanyi-uglovyie/f/obivka--naturalnaya_koja;arsenkin_sem+keysso
фанерное основание для кровати;Кровати;общий;;37;20;;;35;/catalog/korpusnaya-mebel/krovati/f/type--osnovanie-dlya-krovati;arsenkin_sem+keysso
кресло модерн;Кресла;общий;;268;20;;;18;/catalog/myagkaya-mebel/kresla/f/stil--modern;arsenkin_sem+keysso
мебель хорошего качества от производителя;Фабрика/производитель;коммерческий;;27;20;;;12;/;arsenkin_sem+keysso
мебельный каталог;Мебель общ.;коммерческий;;93586;20;;19;36;/;arsenkin_sem+keysso
мягкая мебель премиум класса диваны;Диваны;общий;;50;20;;;19;/catalog/myagkaya-mebel/divanyi-premium;arsenkin_sem+keysso
диван с несъемными подушками;Диваны;общий;;56;20;;;34;/catalog/myagkaya-mebel/divanyi/f/podlokotniki--nesjomnye;arsenkin_sem+keysso
скрипят пружины в диване что делать;Диваны;общий;;47;20;;;2;/blog/chto-delat-esli-skripit-divan;arsenkin_sem+keysso
диван с 2 атаманками;Диваны;общий;;98;20;;;18;/catalog/myagkaya-mebel/divanyi/f/nalichie_ottomanki--est;arsenkin_sem+keysso
шкаф в стиле модерн;Шкафы;общий;;64;20;;;7;/catalog/korpusnaya-mebel/shkafyi/f/stil--modern;arsenkin_sem+keysso
купить наматрасник в ами мебель каталог с ценами;Матрасы;коммерческий;;20;20;;;32;/catalog/matrasyi/namatrasniki-emiliya/200x140sm;arsenkin_sem+keysso
диванчик в спальню;Диваны;общий;;263;20;;;29;/catalog/myagkaya-mebel/divanyi;arsenkin_sem+keysso
шкаф белоруссия;Шкафы;общий;;1527;20;;17;28;/catalog;arsenkin_sem+keysso
купить диван по фото;Диваны;коммерческий;;71;20;;;33;/catalog/myagkaya-mebel/divanyi;arsenkin_sem+keysso
тунис мебель;Мебель общ.;общий;;106;20;;;2;/catalog/mebel-pod-zakaz/kollektsiya-tunis;arsenkin_sem+keysso
ларец мебель;Мебель общ.;общий;;195;20;;;41;/;arsenkin_sem+keysso
диван плаза;Диваны;общий;;529;20;;;21;/catalog/myagkaya-mebel/divanyi/3-h-mestnyiy-divan-plaza/tkan21gruppa;arsenkin_sem+keysso
диван книжка москва;Диваны;общий;да;2527;20;;10;26;/catalog/myagkaya-mebel/divanyi/f/transformation--knizhka;arsenkin_sem+keysso
купить диван в мценске;Диваны;коммерческий;;41;20;;;18;/catalog/myagkaya-mebel/divanyi;arsenkin_sem+keysso
пирс белорусская одежда официальный сайт;Белорусская мебель;коммерческий;;20;20;;;40;/;arsenkin_sem+keysso
стол письменный челси;Столы и стулья;общий;;223;20;;;25;/catalog/korpusnaya-mebel/stolyi/stol-pismennyiy-chelsi-p3-587-1-04;arsenkin_sem+keysso
стол письменный белоруссия;Столы и стулья;общий;;111;20;;;10;/catalog/korpusnaya-mebel/mebel-dlya-kabineta;arsenkin_sem+keysso
огромный диван в гостиную;Диваны;общий;;108;20;;;11;/catalog/myagkaya-mebel/divanyi/f/po_gabaritam--bolshie;arsenkin_sem+keysso
кайя мебель;Мебель общ.;общий;;35;20;;;9;/catalog/myagkaya-mebel/kresla/kreslo-kaya-12;arsenkin_sem+keysso
спальня сканди;Спальни;общий;;336;20;;;24;/blog/dizayn-spalni-v-skandinavskom-stile;arsenkin_sem+keysso
диван угловой независимый пружинный блок;Диваны угловые;общий;;360;20;;;18;/catalog/myagkaya-mebel/divanyi-uglovyie/f/napolnenie--nezavisimyi_prujinnyi_blok;arsenkin_sem+keysso
полка навесная деревянная;Мебель из массива;общий;;665;20;;;24;/catalog/korpusnaya-mebel/dekorativnyie-elementyi/f/type--polka;arsenkin_sem+keysso
прямой диван со столиком в подлокотнике;Диваны;общий;;56;20;;;33;/catalog/myagkaya-mebel/divanyi-pryamyie/f/bokovinyi--bokovina_so_stolikom;arsenkin_sem+keysso
спички беларусь;Белорусская мебель;общий;;307;20;;;15;/spichki--derevoobrabotka/kupit-spichki-optom-ot-proizvoditelya-pinskdrev;arsenkin_sem+keysso
тумба в стиле прованс;Комоды и тумбы;общий;;282;20;;;15;/catalog/korpusnaya-mebel/tumbyi/f/stil--provans;arsenkin_sem+keysso
тахта прикроватная;Тахты и кушетки;общий;;51;20;;;13;/catalog/myagkaya-mebel/tahtyi/f/type--tumba-prikrovatnaya;arsenkin_sem+keysso
диван восход с двумя оттоманками;Диваны;общий;;31;20;;;20;/catalog/myagkaya-mebel/divanyi/f/nalichie_ottomanki--est;arsenkin_sem+keysso
белорусская мебель горка;Гостиные и стенки;общий;;35;20;;;11;/catalog/korpusnaya-mebel/mebel-dlya-gostinoy/f/stil--klassika;arsenkin_sem+keysso
кушетка с независимым пружинным блоком;Тахты и кушетки;общий;;20;20;;;24;/catalog/myagkaya-mebel/divanyi/f/napolnenie--nezavisimyi_prujinnyi_blok;arsenkin_sem+keysso
диван кожаный раскладной купить в москве;Диваны кожаные;коммерческий;да;38;20;;;29;/catalog/myagkaya-mebel/divanyi/f/material--naturalnaya_kozha;arsenkin_sem+keysso
шкаф двухцветный;Шкафы;общий;;171;20;;;29;/catalog/korpusnaya-mebel/shkafyi/f/type--shkaf-kombinirovannyiy;arsenkin_sem+keysso
диван в стиле модерн;Диваны;общий;;98;20;;;14;/catalog/myagkaya-mebel/divanyi/f/stil--modern;arsenkin_sem+keysso
тахта раскладная купить;Тахты и кушетки;коммерческий;;390;20;;;26;/catalog/myagkaya-mebel/tahtyi;arsenkin_sem+keysso
кровать лотос;Кровати;общий;;605;20;;;17;/catalog/korpusnaya-mebel/krovati/krovat-odinarnaya-1-09-lotos-8905-bm701;arsenkin_sem+keysso
аскания диваны;Диваны;общий;;153;20;;;4;/catalog/myagkaya-mebel/divanyi/uglovoy-divan-askaniya-3ml-r8mr-l;arsenkin_sem+keysso
мебель милана официальный сайт каталог цены;Мебель общ.;коммерческий;;25;20;;;7;/catalog/mebel-pod-zakaz/kollektsiya-milana;arsenkin_sem+keysso
bels ru кресла;Кресла;общий;;23;20;;;20;/catalog/myagkaya-mebel/kresla;arsenkin_sem+keysso
кожаные диваны и кресла каталог фото и цены;Диваны кожаные;коммерческий;;32;20;;;7;/catalog/myagkaya-mebel/naboryi-myagkoy-mebeli/f/obivka--naturalnaya_koja;arsenkin_sem+keysso
кухни оптом;Кухни;общий;;635;20;;;7;/kuhni-optom;arsenkin_sem+keysso
диван с 2 оттоманками;Диваны;общий;;391;20;;;24;/catalog/myagkaya-mebel/divanyi/f/nalichie_ottomanki--est;arsenkin_sem+keysso
фабрики мебели в россии официальные сайты;Фабрика/производитель;общий;;77;20;;;36;/;arsenkin_sem+keysso
диван угловой минимализм;Диваны угловые;общий;;72;20;;;14;/catalog/myagkaya-mebel/divanyi-uglovyie/f/stil--minimalizm;arsenkin_sem+keysso
